key,current_name,state,owner,lat,lon
STATE_1,Corsica,1,FRA,42.11,9.16
VICTORY_POINTS_3838,Ajáccio,1,FRA,41.72,9.11
STATE_2,Lazio,2,ITA,41.92,12.89
VICTORY_POINTS_9904,Roma,2,ITA,41.93,12.87
VICTORY_POINTS_11846,Anzio,2,ITA,41.48,13.26
VICTORY_POINTS_13413,Ostia,2,ITA,41.62,12.63
STATE_3,Swiss Plateau,3,SWI,47.03,8.06
VICTORY_POINTS_663,Zürich,3,SWI,47.36,8.49
VICTORY_POINTS_9620,Bern,3,SWI,46.93,7.47
STATE_4,Lower Austria,4,AUS,48.4,15.68
VICTORY_POINTS_732,Linz,4,AUS,48.49,14.26
VICTORY_POINTS_11666,Vienna,4,AUS,48.21,16.37
STATE_5,Ermland-Masuren,5,POL,53.99,20.82
VICTORY_POINTS_6375,Allenstein,5,POL,53.74,20.74
STATE_6,Vlaanderen,6,BEL,50.86,3.66
VICTORY_POINTS_516,Brussels,6,BEL,50.85,4.35
VICTORY_POINTS_3576,Kortrijk,6,BEL,50.7,3.66
VICTORY_POINTS_6560,Gent,6,BEL,51.04,3.59
STATE_7,Holland,7,HOL,52.35,4.67
VICTORY_POINTS_391,Amsterdam,7,HOL,52.37,4.9
VICTORY_POINTS_3211,The Hague,7,HOL,52.08,4.4
VICTORY_POINTS_9498,Rotterdam,7,HOL,51.89,4.61
STATE_8,Luxemburg,8,LUX,49.79,6.08
VICTORY_POINTS_6583,Luxemburg,8,LUX,49.63,6.18
STATE_9,Bohemia,9,CZE,49.91,14.9
VICTORY_POINTS_6418,Plzen,9,CZE,49.75,13.65
VICTORY_POINTS_9569,Tábor,9,CZE,49.51,14.62
VICTORY_POINTS_11542,Prague,9,CZE,50.08,14.44
STATE_10,Warszawa,10,POL,52.05,21.07
VICTORY_POINTS_402,Siedlce,10,POL,52.46,22.25
VICTORY_POINTS_3544,Warsaw,10,POL,52.23,21.01
STATE_11,Kaunas,11,LIT,55.01,24.23
VICTORY_POINTS_6296,Kaunas,11,LIT,54.9,24.11
VICTORY_POINTS_9357,Ukmergė,11,LIT,55.34,24.26
STATE_12,Vidzeme,12,LAT,57.46,25.55
VICTORY_POINTS_10493,Valmiera,12,LAT,57.14,25.68
STATE_13,Pärnu,13,EST,58.52,24.61
VICTORY_POINTS_3174,Pärnu,13,EST,58.48,24.08
STATE_14,Brittany,14,FRA,47.74,-2.63
VICTORY_POINTS_3552,Brest,14,FRA,47.9,-3.81
VICTORY_POINTS_6536,Lorient,14,FRA,47.37,-2.8
VICTORY_POINTS_9495,Rennes,14,FRA,47.63,-1.5
STATE_15,Normandy,15,FRA,48.87,0.33
VICTORY_POINTS_485,Dieppe,15,FRA,49.65,1.5
VICTORY_POINTS_6449,Cherbourg,15,FRA,49.02,-1.16
VICTORY_POINTS_9434,Le Havre,15,FRA,49.37,0.74
VICTORY_POINTS_11563,Rouen,15,FRA,49.3,1.26
STATE_16,Ile de France,16,FRA,48.62,2.29
VICTORY_POINTS_11506,Paris,16,FRA,48.86,2.35
STATE_17,Franche-Comte,17,FRA,47.8,6.22
VICTORY_POINTS_9642,Besancon,17,FRA,47.4,5.91
VICTORY_POINTS_11516,Nancy,17,FRA,48.6,6.43
STATE_18,Champagne,18,FRA,48.8,4.7
VICTORY_POINTS_3560,Sedan,18,FRA,49.52,5.22
VICTORY_POINTS_9490,Troyes,18,FRA,48.19,3.89
VICTORY_POINTS_13011,Reims,18,FRA,49.15,4.15
STATE_19,Aquitaine,19,FRA,44.52,-0.59
VICTORY_POINTS_9737,Bordeaux,19,FRA,44.64,-0.52
STATE_20,Rhone,20,FRA,45.67,4.81
VICTORY_POINTS_6613,Lyon,20,FRA,45.7,4.75
STATE_21,Bouches-du-Rhône,21,FRA,43.74,5.44
VICTORY_POINTS_11834,Marseille,21,FRA,43.35,5.59
STATE_22,Languedoc,22,FRA,43.88,3.33
VICTORY_POINTS_9898,Montpellier,22,FRA,43.53,4.02
STATE_23,Poitou,23,FRA,46.12,-0.26
VICTORY_POINTS_6657,La Rochelle,23,FRA,45.93,-0.77
STATE_24,Centre,24,FRA,47.53,1.88
VICTORY_POINTS_512,Orleans,24,FRA,47.99,2.07
VICTORY_POINTS_3671,Tours,24,FRA,47.15,0.9
STATE_25,Limousin,25,FRA,44.93,1.13
VICTORY_POINTS_620,Limoges,25,FRA,45.75,1.38
STATE_26,Auvergne,26,FRA,45.55,3.12
VICTORY_POINTS_3594,Vichy,26,FRA,46.04,3.86
STATE_27,Bourgogne,27,FRA,47.27,4.15
VICTORY_POINTS_3652,Dijon,27,FRA,47.36,5.02
STATE_28,Alsace-Lorraine,28,FRA,48.63,7.1
VICTORY_POINTS_678,Mulhouse,28,FRA,47.7,7.23
VICTORY_POINTS_9503,Strasbourg,28,FRA,48.55,7.72
VICTORY_POINTS_9559,Metz,28,FRA,49.24,6.11
STATE_29,Nord-Pas-de-Calais,29,FRA,50.32,2.7
VICTORY_POINTS_575,Dunkerque,29,FRA,50.71,2.53
VICTORY_POINTS_11483,Lille,29,FRA,50.48,3.11
VICTORY_POINTS_11548,Calais,29,FRA,50.55,2.06
STATE_30,Loire,30,FRA,47.45,-0.5
VICTORY_POINTS_11465,Nantes,30,FRA,47.13,-1.61
STATE_31,Midi Pyrenees,31,FRA,43.26,1.31
VICTORY_POINTS_6766,Toulouse,31,FRA,43.51,1.59
STATE_32,Alpes,32,FRA,44.95,5.43
VICTORY_POINTS_3768,Grenoble,32,FRA,44.84,5.87
STATE_33,Centre-Sud,33,FRA,46.43,1.77
VICTORY_POINTS_651,Châteauroux,33,FRA,46.58,1.49
STATE_34,Wallonie,34,BEL,50.52,4.7
VICTORY_POINTS_3516,Namur,34,BEL,50.62,4.8
VICTORY_POINTS_9536,Charleroi,34,BEL,50.49,4.07
VICTORY_POINTS_11519,Liége,34,BEL,50.76,5.4
STATE_35,Brabant,35,HOL,51.48,5.04
VICTORY_POINTS_3262,Breda,35,HOL,51.61,4.76
VICTORY_POINTS_6496,Eindhoven,35,HOL,51.61,5.38
VICTORY_POINTS_11562,Maastricht,35,HOL,51.02,5.96
STATE_36,Friesland,36,HOL,52.72,6.16
VICTORY_POINTS_6241,Utrecht,36,HOL,52.25,5.57
VICTORY_POINTS_6336,Leeuwarden,36,HOL,53.18,5.65
VICTORY_POINTS_9335,Groningen,36,HOL,53.15,6.26
VICTORY_POINTS_9363,Arnhem,36,HOL,52.12,6.3
STATE_37,Sjaelland,37,DEN,55.15,12.06
VICTORY_POINTS_6287,Copenhagen,37,DEN,55.68,12.57
VICTORY_POINTS_6393,Roskilde,37,DEN,55.24,12.22
STATE_38,Norrland,38,SWE,62.3,16.8
VICTORY_POINTS_130,Sundsvall,38,SWE,62.86,17.76
VICTORY_POINTS_11091,Gävle,38,SWE,60.44,17.2
STATE_39,Alto Adige,39,ITA,46.64,11.52
VICTORY_POINTS_11598,Bolzano,39,ITA,46.34,11.46
STATE_40,Altai Krai,40,SOV,52.57,82.68
VICTORY_POINTS_1794,Barnaul,40,SOV,52.66,82.77
STATE_41,Madrid,41,SPR,40.47,-4.08
VICTORY_POINTS_858,Toledo,41,SPR,40.02,-3.99
VICTORY_POINTS_3938,Madrid,41,SPR,40.42,-3.7
STATE_42,Moselland,42,GER,49.69,7.31
VICTORY_POINTS_11435,Bitburg,42,GER,50.01,6.46
VICTORY_POINTS_11531,Saarbrücken,42,GER,49.28,7.08
STATE_43,Northern Hungary,43,HUN,47.87,20.17
VICTORY_POINTS_9660,Budapest,43,HUN,47.5,19.04
STATE_44,Albania,44,ALB,40.86,20.03
VICTORY_POINTS_6900,Korçë,44,ALB,40.8,20.6
VICTORY_POINTS_9914,Tirana,44,ALB,41.31,19.93
VICTORY_POINTS_11767,Vlorë,44,ALB,40.33,19.7
VICTORY_POINTS_13255,Durrës,44,ALB,41.22,19.62
STATE_45,Vojvodina,45,SER,45.66,19.48
VICTORY_POINTS_619,Novi Sad,45,SER,45.61,19.32
STATE_46,Muntenia,46,ROM,44.68,26.09
VICTORY_POINTS_3663,Ploiesti,46,ROM,44.87,26.03
VICTORY_POINTS_9617,Bucharest,46,ROM,44.43,26.1
STATE_47,Attica,47,GRE,38.83,22.83
VICTORY_POINTS_3973,Larissa,47,GRE,39.51,22.85
VICTORY_POINTS_3988,Kórinthos,47,GRE,38.07,23.1
VICTORY_POINTS_4109,Athens,47,GRE,37.98,23.73
VICTORY_POINTS_7127,Chalcis,47,GRE,38.51,23.81
STATE_48,Sofia,48,BUL,43.03,23.38
VICTORY_POINTS_949,Sofia,48,BUL,42.7,23.32
VICTORY_POINTS_9771,Vidin,48,BUL,43.81,22.72
STATE_49,Ankara,49,TUR,39.72,31.88
VICTORY_POINTS_804,Kırıkkale,49,TUR,39.83,33.34
VICTORY_POINTS_3951,Eskişehir,49,TUR,39.65,30.43
VICTORY_POINTS_11747,Ankara,49,TUR,39.93,32.86
STATE_50,Württemberg,50,GER,48.41,9.45
VICTORY_POINTS_9517,Stuttgart,50,GER,48.79,9.17
VICTORY_POINTS_11499,Ulm,50,GER,48.58,9.88
STATE_51,Rhineland,51,GER,51.07,6.88
VICTORY_POINTS_587,Köln,51,GER,50.95,6.71
VICTORY_POINTS_6469,Essen,51,GER,51.37,6.97
STATE_52,Oberbayern,52,GER,48.11,11.33
VICTORY_POINTS_692,Munich,52,GER,48.13,11.47
VICTORY_POINTS_708,Augsburg,52,GER,48.38,10.51
STATE_53,Niederbayern,53,GER,49.04,12.49
VICTORY_POINTS_9515,Regensburg,53,GER,48.77,12.15
STATE_54,Franken,54,GER,49.9,10.66
VICTORY_POINTS_6421,Coburg,54,GER,50.23,10.66
VICTORY_POINTS_9557,Würzburg,54,GER,49.62,9.98
VICTORY_POINTS_11544,Nuremberg,54,GER,49.55,11.07
STATE_55,Hessen,55,GER,50.54,8.88
VICTORY_POINTS_564,Kassel,55,GER,51.42,9.49
VICTORY_POINTS_6444,Wiesbaden,55,GER,50.18,7.99
VICTORY_POINTS_6488,Frankfurt,55,GER,50.22,8.69
VICTORY_POINTS_11560,Mainz,55,GER,49.78,8.21
STATE_56,Weser-Ems,56,GER,52.82,8.03
VICTORY_POINTS_241,Wilhelmshaven,56,GER,53.41,8.19
VICTORY_POINTS_11360,Emden,56,GER,53.34,7.44
VICTORY_POINTS_11388,Münster,56,GER,52.26,8.17
STATE_57,Westfalen,57,GER,51.73,8.19
VICTORY_POINTS_495,Dortmund,57,GER,51.49,7.63
STATE_58,Schleswig-Holstein,58,GER,53.87,10.33
VICTORY_POINTS_6389,Kiel,58,GER,54.22,10.28
VICTORY_POINTS_9347,Hamburg,58,GER,53.56,10.14
STATE_59,Hannover,59,GER,52.68,10.17
VICTORY_POINTS_374,Cuxhaven,59,GER,53.62,8.94
VICTORY_POINTS_3326,Bremen,59,GER,53.26,8.95
VICTORY_POINTS_6298,Lüneburg,59,GER,53.16,10.56
VICTORY_POINTS_6377,Hannover,59,GER,52.52,9.91
STATE_60,Thüringen,60,GER,51.17,11.38
VICTORY_POINTS_425,Weimar,60,GER,51.54,11.29
VICTORY_POINTS_538,Jena,60,GER,51.16,11.78
VICTORY_POINTS_3561,Erfurt,60,GER,51.48,10.59
STATE_61,Mecklenburg,61,GER,53.62,12.14
VICTORY_POINTS_321,Rostock,61,GER,53.96,12.38
VICTORY_POINTS_11305,Lübeck,61,GER,53.72,11.41
STATE_62,Vorpommern,62,GER,53.67,13.75
VICTORY_POINTS_3258,Neustrelitz,62,GER,53.38,13.48
VICTORY_POINTS_9388,Stralsund,62,GER,54.12,13.16
STATE_63,Hinterpommern,63,POL,53.79,16.14
VICTORY_POINTS_6282,Stettin,63,POL,53.43,14.55
VICTORY_POINTS_11372,Köslin,63,POL,54.39,16.76
STATE_64,Brandenburg,64,GER,52.44,13.05
VICTORY_POINTS_3522,Magdeburg,64,GER,52.34,11.67
VICTORY_POINTS_6521,Berlin,64,GER,52.52,13.4
VICTORY_POINTS_9496,Seelow,64,GER,52.4,14.48
STATE_65,Sachsen,65,GER,51.26,13.55
VICTORY_POINTS_514,Dresden,65,GER,51.36,13.82
VICTORY_POINTS_3535,Leipzig,65,GER,51.28,12.7
VICTORY_POINTS_9471,Chemnitz,65,GER,50.8,13.16
STATE_66,Niederschlesien,66,POL,51.37,16.44
VICTORY_POINTS_9570,Breslau,66,POL,51.11,17.03
STATE_67,Oberschlesien,67,POL,50.75,18.14
VICTORY_POINTS_9511,Oppeln,67,POL,50.95,18.04
VICTORY_POINTS_11467,Gleiwitz,67,POL,50.6,18.54
STATE_68,Ostmark,68,POL,52.57,15.35
VICTORY_POINTS_3473,Küstrin,68,POL,52.43,15.04
STATE_69,Sudetenland,69,CZE,50.38,13.88
VICTORY_POINTS_3585,Carlsbad,69,CZE,50.27,13.2
VICTORY_POINTS_11401,Liberec,69,CZE,50.87,15.12
STATE_70,Western Slovakia,70,SLO,48.76,18.2
VICTORY_POINTS_9692,Bratislava,70,SLO,48.5,17.17
VICTORY_POINTS_11539,Žilina,70,SLO,49.04,18.9
STATE_71,Eastern Slovakia,71,SLO,49.1,20.7
VICTORY_POINTS_3581,Prešov,71,SLO,49.26,21.28
STATE_72,Zaolzie,72,CZE,49.72,18.61
STATE_73,Carpathian Ruthenia,73,UKR,48.46,23.34
VICTORY_POINTS_3548,Mukacevo,73,UKR,48.26,23.3
STATE_74,Eastern Sudetenland,74,CZE,50.11,17.45
VICTORY_POINTS_3583,Ostrava,74,CZE,49.95,18.03
STATE_75,Moravia,75,CZE,49.44,16.92
VICTORY_POINTS_3569,Brno,75,CZE,49.31,16.49
VICTORY_POINTS_6562,Olomouc,75,CZE,49.69,17.17
STATE_76,North Transylvania,76,ROM,47.08,24.13
VICTORY_POINTS_6711,Cluj,76,ROM,46.83,23.4
VICTORY_POINTS_9670,Déda,76,ROM,46.59,25.05
VICTORY_POINTS_9672,Târgu Mures,76,ROM,46.89,24.37
STATE_77,Dobrudja,77,BUL,43.7,27.62
VICTORY_POINTS_11597,Dobrich,77,BUL,43.56,28.1
STATE_78,Bessarabia,78,MOL,47.21,28.45
VICTORY_POINTS_3707,Chisinău,78,MOL,46.78,28.54
STATE_79,Moldova,79,ROM,46.77,26.89
VICTORY_POINTS_6706,Galati,79,ROM,45.5,27.9
VICTORY_POINTS_9716,Iasi,79,ROM,47.31,27.38
STATE_80,Bucovina,80,UKR,48.26,26.1
VICTORY_POINTS_577,Cernăuti,80,UKR,48.4,26.01
STATE_81,Oltenia,81,ROM,44.6,23.59
VICTORY_POINTS_6652,Craiova,81,ROM,44.35,23.7
STATE_82,Banat,82,ROM,45.57,21.72
VICTORY_POINTS_9606,Timisoara,82,ROM,45.54,21.33
STATE_83,Crisana,83,ROM,46.47,22.01
VICTORY_POINTS_6682,Arad,83,ROM,46.28,21.47
STATE_84,Transylvania,84,ROM,45.96,24.12
VICTORY_POINTS_690,Brasov,84,ROM,45.61,25.94
STATE_85,Danzig,85,POL,54.35,18.65
VICTORY_POINTS_362,Danzig,85,POL,54.35,18.65
STATE_86,Poznan,86,POL,52.4,17.16
VICTORY_POINTS_6558,Poznań,86,POL,52.47,16.72
STATE_87,Łódz,87,POL,51.8,18.94
VICTORY_POINTS_9508,Łódź,87,POL,51.81,19.65
STATE_88,Kraków,88,POL,50.01,21.09
VICTORY_POINTS_442,Tarnów,88,POL,50.21,21.08
VICTORY_POINTS_9427,Kraków,88,POL,50.34,19.89
VICTORY_POINTS_9494,Zamość,88,POL,50.3,23.01
STATE_89,Stanisławów,89,UKR,48.87,24.35
VICTORY_POINTS_11411,Stanisławów,89,UKR,49.07,24.64
STATE_90,Kielce,90,POL,50.98,20.77
VICTORY_POINTS_3458,Radom,90,POL,51.39,21.63
VICTORY_POINTS_11430,Kielce,90,POL,50.71,20.44
STATE_91,Lwów,91,UKR,49.68,24.96
VICTORY_POINTS_11479,Lwów,91,UKR,49.88,24.17
STATE_92,Lublin,92,POL,51.43,22.96
VICTORY_POINTS_11399,Lublin,92,POL,50.96,23.06
STATE_93,Wołyn,93,UKR,51.02,25.63
VICTORY_POINTS_6557,Równe,93,UKR,50.19,26.06
STATE_94,Polesie,94,BLR,52.26,25.62
VICTORY_POINTS_560,Pińsk,94,BLR,52.11,26.01
VICTORY_POINTS_3392,Brześć Litewski,94,BLR,52.3,23.74
STATE_95,Nowogródek,95,BLR,53.44,25.26
VICTORY_POINTS_3393,Grodno,95,BLR,53.73,24.1
VICTORY_POINTS_9304,Baranowicze,95,BLR,53.2,26.3
STATE_96,Wilejka,96,BLR,54.75,26.98
VICTORY_POINTS_406,Mołodeczno,96,BLR,54.6,27.02
STATE_97,Białystok,97,POL,53.33,22.99
VICTORY_POINTS_3254,Suwałki,97,POL,54.19,23.06
VICTORY_POINTS_11301,Białystok,97,POL,53.11,22.99
STATE_98,Płock,98,POL,52.88,20.32
VICTORY_POINTS_3230,Płock,98,POL,52.84,19.43
STATE_99,Jutland,99,DEN,56.15,9.59
VICTORY_POINTS_399,Esbjerg,99,DEN,55.64,8.65
VICTORY_POINTS_3206,Viborg,99,DEN,56.37,9.48
VICTORY_POINTS_3277,Kolding,99,DEN,55.58,9.77
VICTORY_POINTS_6235,Aalborg,99,DEN,56.62,10.02
VICTORY_POINTS_6364,Aarhus,99,DEN,56.08,10.42
STATE_100,Iceland,100,ICE,64.91,-19.66
VICTORY_POINTS_12674,Reykjavik,100,ICE,64.15,-21.94
STATE_101,Greenland,101,DEN,65.4,-45.86
VICTORY_POINTS_12512,Nuuk,101,DEN,61.39,-47.21
STATE_102,North Slovenia,102,SLV,46.4,15.37
VICTORY_POINTS_665,Maribor,102,SLV,46.55,15.95
STATE_103,Dalmatia,103,CRO,44.17,16.14
VICTORY_POINTS_3924,Split,103,CRO,43.66,16.58
VICTORY_POINTS_6889,Dubrovnik,103,CRO,42.86,18.13
STATE_104,Bosnia,104,BOS,44.56,17.74
VICTORY_POINTS_6983,Banja Luka,104,BOS,44.61,17.07
VICTORY_POINTS_11899,Sarajevo,104,BOS,44.04,18.58
STATE_105,Montenegro,105,SER,42.89,19.3
VICTORY_POINTS_9809,Podgorica,105,SER,42.4,19.25
STATE_106,Macedonia,106,MAC,41.65,21.99
VICTORY_POINTS_3882,Skopje,106,MAC,42.02,21.64
STATE_107,Serbia,107,SER,44.51,20.32
VICTORY_POINTS_11586,Belgrade,107,SER,44.79,20.45
STATE_108,Morava,108,SER,43.71,21.31
VICTORY_POINTS_9602,Niš,108,SER,44.04,21.66
STATE_109,Croatia,109,CRO,45.68,17.12
VICTORY_POINTS_11581,Zagreb,109,CRO,45.98,15.99
STATE_110,Østlandet,110,NOR,59.73,11.07
VICTORY_POINTS_6115,Oslo,110,NOR,59.91,10.75
VICTORY_POINTS_11151,Fredrikstad,110,NOR,59.17,11.64
STATE_111,Uusimaa,111,FIN,60.38,25.01
VICTORY_POINTS_6009,Porvoo,111,FIN,60.59,25.76
VICTORY_POINTS_11105,Helsinki,111,FIN,60.17,24.94
VICTORY_POINTS_11211,Hanko,111,FIN,59.99,23.26
STATE_112,Lisbon,112,POR,39.6,-8.64
VICTORY_POINTS_3798,Coimbra,112,POR,39.74,-8.23
VICTORY_POINTS_11805,Lisbon,112,POR,38.72,-9.14
STATE_113,Leinster,113,IRE,53.21,-6.78
VICTORY_POINTS_285,Wexford,113,IRE,52.36,-6.64
VICTORY_POINTS_303,Tullamore,113,IRE,53.11,-7.32
VICTORY_POINTS_11293,Dublin,113,IRE,53.35,-6.26
STATE_114,Sardegna,114,ITA,40.13,9.1
VICTORY_POINTS_9772,Sassari,114,ITA,40.64,8.65
VICTORY_POINTS_11773,Cagliari,114,ITA,39.23,8.92
STATE_115,Sicilia,115,ITA,37.65,14.28
VICTORY_POINTS_4014,Catania,115,ITA,37.53,15.04
VICTORY_POINTS_4159,Messina,115,ITA,38.04,15.23
VICTORY_POINTS_10074,Palermo,115,ITA,37.98,13.35
VICTORY_POINTS_13256,Siracusa,115,ITA,37.06,14.99
STATE_116,Malta,116,MLT,36.12,14.42
VICTORY_POINTS_12003,Valletta,116,MLT,36.12,14.42
STATE_117,Campania,117,ITA,40.71,15.42
VICTORY_POINTS_819,Napoli,117,ITA,40.92,14.45
STATE_118,Gibraltar,118,ENG,36.41,-5.46
VICTORY_POINTS_4135,Gibraltar,118,ENG,36.41,-5.46
STATE_119,Northern Ireland,119,ENG,54.57,-6.46
VICTORY_POINTS_385,Londonderry,119,ENG,54.56,-6.95
VICTORY_POINTS_3379,Belfast,119,ENG,54.52,-5.76
STATE_120,Scottish Highlands,120,ENG,57.48,-4.93
VICTORY_POINTS_284,Oban,120,ENG,56.24,-5.02
VICTORY_POINTS_6062,Stornoway,120,ENG,57.62,-7.09
VICTORY_POINTS_9075,Inverness,120,ENG,57.16,-4.29
VICTORY_POINTS_11064,Scapa Flow,120,ENG,59.21,-2.88
STATE_121,Lothian,121,ENG,56.08,-3.24
VICTORY_POINTS_6300,Rosyth,121,ENG,56.38,-3.18
VICTORY_POINTS_9392,Edinburgh,121,ENG,55.95,-3.19
STATE_122,Wales,122,ENG,52.29,-3.73
VICTORY_POINTS_311,Wrexham,122,ENG,52.72,-3.43
VICTORY_POINTS_377,Cardiff,122,ENG,51.57,-3.16
VICTORY_POINTS_407,Swansea,122,ENG,51.7,-3.92
STATE_123,South-West England,123,ENG,50.68,-3.69
VICTORY_POINTS_540,Plymouth,123,ENG,50.48,-3.88
VICTORY_POINTS_6526,Truro,123,ENG,50.26,-4.96
STATE_124,Gotland,124,SWE,57.41,18.66
VICTORY_POINTS_408,Visby,124,SWE,57.71,18.86
STATE_125,East Anglia,125,ENG,52.34,0.61
VICTORY_POINTS_271,Norwich,125,ENG,52.42,1.23
STATE_126,Greater London Area,126,ENG,51.5,-0.11
VICTORY_POINTS_6103,London,126,ENG,51.51,-0.13
STATE_127,Sussex,127,ENG,51.0,-0.34
VICTORY_POINTS_3501,Dover,127,ENG,51.2,0.82
VICTORY_POINTS_9458,Portsmouth,127,ENG,50.79,-0.97
STATE_128,West Midlands,128,ENG,52.43,-2.18
VICTORY_POINTS_9297,Birmingham,128,ENG,52.42,-1.76
STATE_129,East Midlands,129,ENG,52.86,-0.66
VICTORY_POINTS_6237,Nottingham,129,ENG,53.04,-1.34
VICTORY_POINTS_11279,Leicester,129,ENG,52.56,-1.14
STATE_130,Yorkshire,130,ENG,53.99,-1.39
VICTORY_POINTS_9315,Sheffield,130,ENG,53.44,-1.67
VICTORY_POINTS_9379,Leeds,130,ENG,53.82,-1.66
VICTORY_POINTS_11297,Hull,130,ENG,53.93,-0.42
STATE_131,Northern England,131,ENG,55.16,-1.84
VICTORY_POINTS_351,Newcastle,131,ENG,55.13,-1.87
STATE_132,Lancashire,132,ENG,53.55,-2.59
VICTORY_POINTS_6318,Manchester,132,ENG,53.55,-2.26
VICTORY_POINTS_6384,Liverpool,132,ENG,53.53,-2.81
STATE_133,Lanark,133,ENG,55.57,-4.18
VICTORY_POINTS_3273,Glasgow,133,ENG,56.0,-4.19
VICTORY_POINTS_11218,Dumfries,133,ENG,55.26,-3.38
STATE_134,Connaught,134,IRE,53.68,-8.46
VICTORY_POINTS_9303,Galway,134,IRE,53.25,-8.81
VICTORY_POINTS_11371,Sligo,134,IRE,54.09,-8.14
STATE_135,Munster,135,IRE,52.12,-8.44
VICTORY_POINTS_6313,Limerick,135,IRE,52.57,-8.25
VICTORY_POINTS_7394,Cork,135,IRE,51.7,-8.21
STATE_136,Aberdeenshire,136,ENG,57.25,-3.05
VICTORY_POINTS_200,Aberdeen,136,ENG,57.65,-2.26
VICTORY_POINTS_3150,Dundee,136,ENG,56.76,-2.96
STATE_137,Crimea,137,UKR,45.23,34.15
VICTORY_POINTS_3686,Sevastopol,137,UKR,44.62,33.53
VICTORY_POINTS_6704,Yalta,137,UKR,44.8,34.08
VICTORY_POINTS_9680,Kerch,137,UKR,45.17,35.91
STATE_138,Scania,138,SWE,56.06,13.92
VICTORY_POINTS_6345,Helsingborg,138,SWE,55.89,13.25
VICTORY_POINTS_9279,Malmö,138,SWE,55.46,13.43
VICTORY_POINTS_11215,Karlskrona,138,SWE,56.19,15.66
STATE_139,Småland,139,SWE,56.92,15.18
VICTORY_POINTS_211,Borgholm,139,SWE,56.68,16.79
VICTORY_POINTS_299,Kalmar,139,SWE,56.8,16.16
VICTORY_POINTS_9329,Jönköping,139,SWE,57.42,14.32
STATE_140,Västergötland,140,SWE,58.07,13.24
VICTORY_POINTS_383,Göteborg,140,SWE,57.53,12.42
STATE_141,Svealand,141,SWE,59.38,16.74
VICTORY_POINTS_6050,Stockholm,141,SWE,59.33,18.07
VICTORY_POINTS_9149,Uppsala,141,SWE,59.7,17.91
STATE_142,Vestlandet,142,NOR,61.05,7.2
VICTORY_POINTS_53,Stavanger,142,NOR,58.55,6.12
VICTORY_POINTS_122,Bergen,142,NOR,60.39,5.87
STATE_143,Trøndelag,143,NOR,63.98,11.69
VICTORY_POINTS_3022,Trondheim,143,NOR,63.47,10.45
STATE_144,Nord-Norge,144,NOR,68.02,16.18
VICTORY_POINTS_192,Narvik,144,NOR,68.34,17.65
VICTORY_POINTS_9126,Bodø,144,NOR,67.34,15.56
STATE_145,Åland,145,FIN,60.17,20.36
VICTORY_POINTS_9228,Mariehamn,145,FIN,60.17,20.36
STATE_146,Karjala,146,SOV,61.11,30.54
VICTORY_POINTS_9206,Viipuri,146,SOV,60.59,28.65
STATE_147,Salla,147,SOV,66.6,29.75
VICTORY_POINTS_197,,147,SOV,66.69,29.46
STATE_148,Lappi,148,FIN,67.62,26.23
VICTORY_POINTS_6087,Rovaniemi,148,FIN,66.6,26.31
VICTORY_POINTS_6142,Inari,148,FIN,68.54,27.27
VICTORY_POINTS_11125,Tornio,148,FIN,66.09,24.21
VICTORY_POINTS_11164,Kemi,148,FIN,65.76,25.11
STATE_149,Pohjanmaa,149,FIN,62.85,23.88
VICTORY_POINTS_66,Kokkola,149,FIN,63.75,23.57
VICTORY_POINTS_3122,Vaasa,149,FIN,62.94,21.83
VICTORY_POINTS_6013,Seinäjoki,149,FIN,62.5,22.34
VICTORY_POINTS_6141,Jyväskylä,149,FIN,62.53,25.62
STATE_150,Savo,150,FIN,62.77,28.47
VICTORY_POINTS_136,Varkaus,150,FIN,62.1,27.72
VICTORY_POINTS_3125,Kajaani,150,FIN,63.53,27.72
VICTORY_POINTS_9061,Joensuu,150,FIN,62.33,30.0
VICTORY_POINTS_11141,Kuopio,150,FIN,62.66,27.54
STATE_151,Eastern Swiss Alps,151,SWI,46.77,9.32
VICTORY_POINTS_658,Chur,151,SWI,46.67,9.16
STATE_152,Upper Austria,152,AUS,47.9,13.76
VICTORY_POINTS_688,Salzburg,152,AUS,47.65,13.27
VICTORY_POINTS_9665,Wels,152,AUS,48.15,14.26
STATE_153,Tyrol,153,AUS,47.19,12.04
VICTORY_POINTS_673,Innsbruck,153,AUS,47.5,11.42
STATE_154,Alföld,154,HUN,47.33,21.32
VICTORY_POINTS_11646,Csongrád,154,HUN,46.86,20.38
VICTORY_POINTS_11659,Debrecen,154,HUN,47.4,21.68
STATE_155,Transdanubia,155,HUN,47.27,17.59
VICTORY_POINTS_686,Sopron,155,HUN,47.54,16.83
VICTORY_POINTS_6720,Győr,155,HUN,47.76,17.39
STATE_156,Calabria,156,ITA,39.08,16.33
VICTORY_POINTS_9990,Reggio Calabria,156,ITA,38.26,16.01
STATE_157,Abruzzo,157,ITA,42.53,13.67
VICTORY_POINTS_925,Ancona,157,ITA,43.14,13.48
STATE_158,Piemonte,158,ITA,44.85,8.13
VICTORY_POINTS_6780,Torino,158,ITA,44.99,7.57
VICTORY_POINTS_6788,Genova,158,ITA,44.28,9.24
STATE_159,Lombardia,159,ITA,45.65,9.87
VICTORY_POINTS_773,Brescia,159,ITA,45.17,10.14
VICTORY_POINTS_3780,Milano,159,ITA,45.25,9.44
STATE_160,Veneto,160,ITA,45.89,12.32
VICTORY_POINTS_603,Verona,160,ITA,45.66,10.87
VICTORY_POINTS_3604,Padova,160,ITA,45.77,11.54
VICTORY_POINTS_6626,Trieste,160,ITA,45.67,13.71
VICTORY_POINTS_11584,Venezia,160,ITA,45.73,12.11
STATE_161,Emilia Romagna,161,ITA,44.41,11.07
VICTORY_POINTS_6606,Bologna,161,ITA,44.48,11.36
VICTORY_POINTS_6793,Ferrara,161,ITA,44.69,12.02
VICTORY_POINTS_9752,Parma,161,ITA,44.59,10.61
STATE_162,Toscana,162,ITA,43.31,11.32
VICTORY_POINTS_6946,Lucca,162,ITA,43.47,10.66
VICTORY_POINTS_6973,La Spezia,162,ITA,44.02,10.17
VICTORY_POINTS_9907,Firenze,162,ITA,43.5,11.36
VICTORY_POINTS_11833,Livorno,162,ITA,42.97,10.88
STATE_163,Zadar,163,CRO,43.7,15.68
STATE_164,Dodecaneso,164,GRE,36.28,27.2
VICTORY_POINTS_10007,Rhodes,164,GRE,35.94,27.74
STATE_165,Cataluña,165,SPR,41.78,1.76
VICTORY_POINTS_6927,Gerona,165,SPR,41.86,3.03
VICTORY_POINTS_6966,Tortosa,165,SPR,40.95,0.69
VICTORY_POINTS_9764,Barcelona,165,SPR,41.41,2.09
STATE_166,Western Aragón,166,SPR,41.59,-0.9
VICTORY_POINTS_3816,Zaragoza,166,SPR,41.54,-0.67
VICTORY_POINTS_7213,Teruel,166,SPR,40.76,-0.89
VICTORY_POINTS_9840,Huesca,166,SPR,42.18,-0.42
STATE_167,Valencia,167,SPR,39.48,-0.35
VICTORY_POINTS_4098,Alicante,167,SPR,38.42,-0.62
VICTORY_POINTS_6906,Valencia,167,SPR,39.63,-0.42
STATE_168,Murcia,168,SPR,38.68,-1.64
VICTORY_POINTS_10024,Murcia,168,SPR,38.05,-0.94
STATE_169,Sevilla,169,SPR,37.45,-5.92
VICTORY_POINTS_1048,Cádiz,169,SPR,36.9,-5.97
VICTORY_POINTS_7183,Sevilla,169,SPR,37.39,-5.78
STATE_170,Extremadura,170,SPR,39.22,-5.98
VICTORY_POINTS_6902,Badajoz,170,SPR,39.06,-6.71
STATE_171,Galicia,171,SPR,42.31,-7.62
VICTORY_POINTS_758,La Coruña,171,SPR,42.77,-8.15
VICTORY_POINTS_6734,Vigo,171,SPR,41.76,-8.4
STATE_172,Navarra,172,SPR,42.7,-1.45
VICTORY_POINTS_3933,Pamplona,172,SPR,42.81,-1.54
STATE_173,Granada,173,SPR,37.25,-3.29
VICTORY_POINTS_1176,Granada,173,SPR,37.42,-3.19
VICTORY_POINTS_9979,Málaga,173,SPR,36.88,-4.49
VICTORY_POINTS_12038,Almería,173,SPR,37.14,-2.16
STATE_174,León,174,SPR,42.05,-5.59
VICTORY_POINTS_726,León,174,SPR,42.48,-5.47
STATE_175,Ciudad Real,175,SPR,39.27,-3.64
VICTORY_POINTS_6832,Ciudad Real,175,SPR,39.08,-4.4
STATE_176,Burgos,176,SPR,42.11,-2.62
VICTORY_POINTS_885,Burgos,176,SPR,42.3,-3.32
STATE_177,Islas Baleares,177,SPR,39.58,2.91
VICTORY_POINTS_9793,Palma de Mallorca,177,SPR,39.68,3.06
STATE_178,Islas Canarias,178,SPR,27.91,-16.11
VICTORY_POINTS_13071,Santa Cruz de Tenerife,178,SPR,27.91,-16.11
STATE_179,Beja,179,POR,37.76,-8.07
VICTORY_POINTS_970,Setúbal,179,POR,38.42,-8.76
VICTORY_POINTS_3790,Portimão,179,POR,37.19,-8.51
VICTORY_POINTS_6880,Faro,179,POR,37.18,-7.79
VICTORY_POINTS_6933,Beja,179,POR,37.97,-7.94
STATE_180,Porto,180,POR,41.22,-7.38
VICTORY_POINTS_9817,Porto,180,POR,40.94,-8.22
VICTORY_POINTS_11673,Braga,180,POR,41.36,-8.32
STATE_181,Guarda,181,POR,40.17,-7.42
VICTORY_POINTS_6996,Guarda,181,POR,39.85,-7.54
VICTORY_POINTS_9787,Viseu,181,POR,40.28,-7.91
STATE_182,Crete,182,GRE,35.16,24.74
VICTORY_POINTS_9940,Heraklion,182,GRE,35.04,24.99
VICTORY_POINTS_12058,Chania,182,GRE,35.38,23.79
STATE_183,Cyprus,183,CYP,34.95,33.08
VICTORY_POINTS_7193,Limassol,183,CYP,34.82,32.65
VICTORY_POINTS_11984,Nicosia,183,CYP,35.07,33.5
STATE_184,Thrace,184,GRE,41.1,25.16
VICTORY_POINTS_11905,Alexandroupolis,184,GRE,41.2,26.35
STATE_185,Epirus,185,GRE,39.46,21.04
VICTORY_POINTS_1205,Agrinio,185,GRE,38.54,21.54
VICTORY_POINTS_3914,Ioannina,185,GRE,39.8,20.81
VICTORY_POINTS_10203,Corfu,185,GRE,39.57,19.81
STATE_186,Peloponnese,186,GRE,37.46,22.21
VICTORY_POINTS_7096,Argos,186,GRE,37.6,22.9
VICTORY_POINTS_7211,Patras,186,GRE,38.06,22.08
VICTORY_POINTS_11965,Kalamáta,186,GRE,36.97,22.26
STATE_187,Aegean Islands,187,GRE,38.18,25.69
VICTORY_POINTS_6550,Samos,187,GRE,37.84,26.31
VICTORY_POINTS_8435,Mitilini,187,GRE,39.52,25.9
STATE_188,Memel,188,LIT,55.45,21.55
VICTORY_POINTS_3288,Memel,188,LIT,55.45,21.55
STATE_189,Žemaitija,189,LIT,55.84,22.23
VICTORY_POINTS_6314,Palanga,189,LIT,56.03,21.5
VICTORY_POINTS_9483,Šiauliai,189,LIT,56.1,22.88
STATE_190,Kurzeme,190,LAT,56.91,21.99
VICTORY_POINTS_3296,Ventspils,190,LAT,57.27,21.84
VICTORY_POINTS_9262,Liepāja,190,LAT,56.42,21.32
STATE_191,Tartu,191,EST,57.98,26.65
VICTORY_POINTS_592,Võru,191,EST,57.74,27.43
VICTORY_POINTS_9221,Tartu,191,EST,58.16,26.91
STATE_192,Odessa,192,UKR,47.12,30.93
VICTORY_POINTS_11670,Odessa,192,UKR,46.48,30.72
STATE_193,Chernigov,193,UKR,51.22,32.16
VICTORY_POINTS_3568,Chernigov,193,UKR,51.53,30.98
STATE_194,Mozyr,194,BLR,51.98,29.38
VICTORY_POINTS_6232,Mozyr,194,BLR,51.92,28.93
STATE_195,Leningrad,195,SOV,59.63,30.74
VICTORY_POINTS_3151,Leningrad,195,SOV,59.93,30.34
STATE_196,Kherson,196,UKR,46.61,33.64
VICTORY_POINTS_721,Kherson,196,UKR,46.3,32.31
STATE_197,Mykolaiv,197,UKR,47.66,32.17
VICTORY_POINTS_11683,Mykolaiv,197,UKR,46.9,32.26
STATE_198,Vinnytsia,198,UKR,48.85,28.73
VICTORY_POINTS_476,Vinnytsia,198,UKR,49.18,28.26
STATE_199,Khmelnytskyi,199,UKR,49.48,27.05
VICTORY_POINTS_3457,Khmelnytskyi,199,UKR,49.69,27.32
STATE_200,Zaporozhe,200,UKR,47.18,35.65
VICTORY_POINTS_11405,Zaporozhe,200,UKR,47.73,35.31
STATE_201,Zhytomyr,201,UKR,50.58,28.61
VICTORY_POINTS_6593,Zhytomyr,201,UKR,50.76,28.42
STATE_202,Kiev,202,UKR,50.34,30.67
VICTORY_POINTS_525,Kiev,202,UKR,50.45,30.52
STATE_203,Cherkasy,203,UKR,48.97,31.74
VICTORY_POINTS_488,Cherkasy,203,UKR,49.17,32.13
STATE_204,Bobruysk,204,BLR,52.94,28.53
VICTORY_POINTS_3350,Bobruysk,204,BLR,53.05,29.45
VICTORY_POINTS_11313,Salihorsk,204,BLR,52.61,27.87
STATE_205,Kaluga,205,SOV,54.12,35.58
VICTORY_POINTS_382,Kaluga,205,SOV,54.41,36.37
STATE_206,Minsk,206,BLR,53.81,28.77
VICTORY_POINTS_9289,Mogilev,206,BLR,53.75,30.24
VICTORY_POINTS_11370,Minsk,206,BLR,53.9,27.57
STATE_207,Vitebsk,207,BLR,55.03,29.49
VICTORY_POINTS_11241,Vitebsk,207,BLR,54.98,30.44
STATE_208,Luga,208,SOV,59.04,29.5
VICTORY_POINTS_9098,Luga,208,SOV,58.42,29.83
STATE_209,Pskov,209,SOV,57.66,28.8
VICTORY_POINTS_11202,Pskov,209,SOV,57.79,28.41
STATE_210,Nevel,210,SOV,56.3,30.07
VICTORY_POINTS_11234,Velikiye Luki,210,SOV,56.27,30.95
STATE_211,Burgas,211,BUL,42.69,27.12
VICTORY_POINTS_6967,Sliven,211,BUL,42.5,26.53
VICTORY_POINTS_9769,Shumen,211,BUL,43.02,26.58
VICTORY_POINTS_9783,Varna,211,BUL,43.12,27.77
VICTORY_POINTS_9888,Yambol,211,BUL,42.08,26.77
VICTORY_POINTS_9902,Burgas,211,BUL,42.09,27.67
STATE_212,Plovdiv,212,BUL,41.92,24.84
VICTORY_POINTS_6814,Stara Zagora,212,BUL,42.3,25.93
VICTORY_POINTS_6923,Plovdiv,212,BUL,42.03,25.03
VICTORY_POINTS_9862,Haskovo,212,BUL,41.81,25.95
STATE_213,Murmansk,213,SOV,67.76,34.19
VICTORY_POINTS_3134,Murmansk,213,SOV,68.97,33.07
VICTORY_POINTS_6181,Kandalaksha,213,SOV,67.25,32.33
STATE_214,Arkhangelsk,214,SOV,63.85,40.38
VICTORY_POINTS_3338,Archangelsk,214,SOV,64.88,40.72
STATE_215,Onega,215,SOV,64.24,32.93
STATE_216,Olonets,216,SOV,61.47,33.98
VICTORY_POINTS_11159,Petrozavodsk,216,SOV,61.29,34.38
STATE_217,Stalingrad,217,SOV,48.54,44.72
VICTORY_POINTS_3529,Stalingrad,217,SOV,48.71,44.51
STATE_218,Rostov,218,SOV,47.38,39.59
VICTORY_POINTS_9417,Rostov,218,SOV,47.24,39.71
STATE_219,Moscow,219,SOV,55.45,37.79
VICTORY_POINTS_6380,Moscow,219,SOV,55.76,37.62
STATE_220,Kursk,220,SOV,51.41,36.07
VICTORY_POINTS_3580,Kursk,220,SOV,51.44,36.03
STATE_221,Kharkov,221,UKR,49.41,36.58
VICTORY_POINTS_418,Kharkov,221,UKR,49.85,36.05
STATE_222,Orel,222,SOV,52.46,36.56
VICTORY_POINTS_9355,Orel,222,SOV,52.62,35.98
STATE_223,Tula,223,SOV,53.61,37.48
VICTORY_POINTS_6262,Tula,223,SOV,53.88,37.72
STATE_224,Bryansk,224,SOV,52.65,33.55
VICTORY_POINTS_3335,Bryansk,224,SOV,52.95,34.46
STATE_225,Sumy,225,UKR,51.02,34.1
VICTORY_POINTS_3520,Sumy,225,UKR,50.79,34.93
VICTORY_POINTS_9566,Shostka,225,UKR,51.6,33.44
STATE_226,Dnipropetrovsk,226,UKR,48.2,34.86
VICTORY_POINTS_11437,Dnipropetrovsk,226,UKR,48.17,34.8
VICTORY_POINTS_11561,Krivoi Rih,226,UKR,47.74,33.32
STATE_227,Stalino,227,UKR,47.99,37.6
VICTORY_POINTS_6474,Stalino,227,UKR,48.0,37.96
STATE_228,Voroshilovgrad,228,UKR,48.84,38.98
VICTORY_POINTS_9461,Voroshilovgrad,228,UKR,48.28,39.31
STATE_229,Azerbaijan,229,AZR,40.38,47.92
VICTORY_POINTS_7661,Baku,229,AZR,40.41,49.87
VICTORY_POINTS_11674,Ganja,229,AZR,40.77,46.68
STATE_230,Armenia,230,ARM,40.39,44.98
VICTORY_POINTS_12320,Yerevan,230,ARM,40.25,44.71
VICTORY_POINTS_12441,Gyumri,230,ARM,41.03,43.75
STATE_231,Georgia,231,GEO,41.94,44.04
VICTORY_POINTS_1599,Tbilisi,231,GEO,41.72,44.79
VICTORY_POINTS_3653,Batumi,231,GEO,41.73,41.96
STATE_232,Dagestan,232,SOV,43.26,47.05
VICTORY_POINTS_6701,Makhachkala,232,SOV,43.61,47.59
VICTORY_POINTS_7624,Derbent,232,SOV,41.96,48.37
STATE_233,Sochi,233,SOV,43.74,40.88
VICTORY_POINTS_9663,Sochi,233,SOV,43.61,40.02
STATE_234,Krasnodar,234,SOV,45.24,39.43
VICTORY_POINTS_719,Novorossysk,234,SOV,44.52,38.27
VICTORY_POINTS_3720,Maykop,234,SOV,44.87,39.72
VICTORY_POINTS_3734,Krasnodar,234,SOV,45.28,39.04
STATE_235,Stavropol,235,SOV,44.81,43.22
VICTORY_POINTS_11696,Stavropol,235,SOV,45.01,41.71
STATE_236,Astrakhan,236,SOV,47.14,47.33
VICTORY_POINTS_9753,Astrakhan,236,SOV,46.04,48.24
STATE_237,Kalmykia,237,SOV,46.29,45.59
VICTORY_POINTS_11724,Elista,237,SOV,46.07,44.81
STATE_238,Volgodonsk,238,SOV,46.7,42.17
VICTORY_POINTS_775,Salsk,238,SOV,46.23,41.17
STATE_239,Saratov,239,SOV,51.65,45.17
VICTORY_POINTS_3578,Saratov,239,SOV,51.15,45.81
STATE_240,Belgorod,240,SOV,50.42,37.49
VICTORY_POINTS_9449,Belgorod,240,SOV,50.23,36.37
STATE_241,Gomel,241,BLR,53.16,31.28
VICTORY_POINTS_9288,Gomel,241,BLR,52.24,31.0
STATE_242,Smolensk,242,SOV,55.01,33.27
VICTORY_POINTS_306,Smolensk,242,SOV,54.62,32.16
STATE_243,Roslavl,243,SOV,54.04,32.71
VICTORY_POINTS_11336,Roslavl,243,SOV,53.87,32.97
STATE_244,Volkhov,244,SOV,59.21,32.39
VICTORY_POINTS_9197,Volkhov,244,SOV,59.72,32.04
STATE_245,Millerovo,245,SOV,48.59,41.63
VICTORY_POINTS_11476,Millerovo,245,SOV,48.79,40.91
STATE_246,Rzhev,246,SOV,56.55,33.72
VICTORY_POINTS_11349,Rzhev,246,SOV,56.13,34.52
STATE_247,Kalinin,247,SOV,57.29,36.6
VICTORY_POINTS_6245,Kalinin,247,SOV,56.74,36.14
STATE_248,Yaroslavl,248,SOV,57.76,39.57
VICTORY_POINTS_121,Yaroslavl,248,SOV,57.46,39.66
STATE_249,Kazan,249,SOV,55.2,50.93
VICTORY_POINTS_6338,Kazan,249,SOV,55.8,49.11
STATE_250,Ulyanovsky,250,SOV,53.73,47.53
VICTORY_POINTS_392,Ulyanovsk,250,SOV,54.28,48.04
STATE_251,Kuybyshev,251,SOV,52.97,50.53
VICTORY_POINTS_11225,Kuybyshev,251,SOV,52.98,50.14
STATE_252,Gorky,252,SOV,55.88,44.35
VICTORY_POINTS_11375,Gorky,252,SOV,55.85,44.08
STATE_253,Ivanovo,253,SOV,56.39,41.29
VICTORY_POINTS_6269,Ivanovo,253,SOV,56.61,41.03
STATE_254,Ryazan,254,SOV,54.03,40.62
VICTORY_POINTS_11248,Ryazan,254,SOV,54.09,39.93
STATE_255,Penza,255,SOV,53.23,44.46
VICTORY_POINTS_9258,Penza,255,SOV,53.11,45.0
STATE_256,Chuvashia,256,SOV,55.31,47.21
VICTORY_POINTS_9259,Cheboksary,256,SOV,55.82,47.44
STATE_257,Tambov,257,SOV,52.38,41.66
VICTORY_POINTS_11351,Tambov,257,SOV,52.46,41.39
STATE_258,Lipetsk,258,SOV,52.34,39.22
VICTORY_POINTS_6398,Lipetsk,258,SOV,52.52,39.26
STATE_259,Poltava,259,UKR,49.59,33.94
VICTORY_POINTS_11504,Poltava,259,UKR,49.55,34.08
STATE_260,Voronezh,260,SOV,50.7,40.22
VICTORY_POINTS_413,Voronezh,260,SOV,51.39,39.35
STATE_261,Ohio,261,USA,40.22,-82.57
VICTORY_POINTS_6855,Columbus,261,USA,39.91,-82.65
VICTORY_POINTS_6890,Cleveland,261,USA,41.17,-81.61
STATE_262,Pechora,262,SOV,65.25,52.24
STATE_263,Novgorod,263,SOV,57.88,31.76
VICTORY_POINTS_117,Novgorod,263,SOV,58.52,31.26
STATE_264,Tikhvin,264,SOV,59.22,35.05
VICTORY_POINTS_3140,Tikhvin,264,SOV,59.37,33.83
STATE_265,Mikhaylovka,265,SOV,50.0,43.24
VICTORY_POINTS_487,Mikhaylovka,265,SOV,50.1,43.15
STATE_266,Tehran,266,PER,36.46,52.68
VICTORY_POINTS_10837,Tehran,266,PER,35.69,51.39
STATE_267,Kabul,267,AFG,34.51,67.75
VICTORY_POINTS_10737,Kabul,267,AFG,34.53,69.17
STATE_268,Djibouti,268,DJI,11.62,42.91
VICTORY_POINTS_8124,Djibouti,268,DJI,11.23,42.69
STATE_269,British Somaliland,269,SOM,9.49,46.87
VICTORY_POINTS_5068,Hargeisa,269,SOM,8.96,45.19
VICTORY_POINTS_10833,Berbera,269,SOM,9.77,45.77
STATE_270,Pitcairn Island,270,ENG,-32.34,-112.63
STATE_271,Shewa,271,ETH,8.65,39.13
VICTORY_POINTS_5010,Addis Ababa,271,ETH,9.03,38.74
VICTORY_POINTS_8036,Asella,271,ETH,7.88,39.83
STATE_272,Senegal,272,SEN,13.79,-15.47
VICTORY_POINTS_4948,Dakar,272,SEN,14.72,-17.47
STATE_273,Libyan Desert,273,LBA,27.75,18.63
STATE_274,Ghana,274,GHA,7.01,-0.56
VICTORY_POINTS_10862,Accra,274,GHA,5.6,-0.19
STATE_275,Transvaal,275,SAF,-25.87,28.01
VICTORY_POINTS_10400,Pretoria,275,SAF,-25.81,28.25
STATE_276,Southern Ontario,276,CAN,44.32,-79.01
VICTORY_POINTS_3775,Toronto,276,CAN,43.65,-79.38
VICTORY_POINTS_3778,Ottawa,276,CAN,45.42,-75.7
STATE_277,Mexico City,277,MEX,20.26,-99.88
VICTORY_POINTS_1965,Mexico City,277,MEX,19.43,-99.13
VICTORY_POINTS_2008,León,277,MEX,21.03,-101.15
STATE_278,Pampas,278,ARG,-36.45,-60.24
VICTORY_POINTS_7621,Mar del Plata,278,ARG,-37.69,-57.56
VICTORY_POINTS_12364,Buenos Aires,278,ARG,-34.6,-58.38
STATE_279,Santiago,279,CHL,-33.89,-71.13
VICTORY_POINTS_650,Santiago,279,CHL,-33.45,-70.67
VICTORY_POINTS_8194,La Serena,279,CHL,-30.49,-71.13
VICTORY_POINTS_8222,Valparaíso,279,CHL,-33.78,-71.42
VICTORY_POINTS_8251,Chillán,279,CHL,-36.38,-70.93
VICTORY_POINTS_12984,Concepción,279,CHL,-35.92,-71.69
STATE_280,Mato Grosso,280,BRA,-16.02,-56.29
VICTORY_POINTS_2111,Cuiabá,280,BRA,-15.9,-56.33
STATE_281,Maldives,281,MLD,4.5,72.52
VICTORY_POINTS_4967,Malé,281,MLD,4.5,72.52
STATE_282,Kanto,282,JAP,36.05,139.73
VICTORY_POINTS_1182,Tokyo,282,JAP,35.68,139.69
STATE_283,Gansu,283,PRC,34.6,104.72
VICTORY_POINTS_2022,Lanzhou,283,PRC,35.61,104.01
VICTORY_POINTS_7911,Tianshui,283,PRC,33.93,105.63
STATE_284,North Island,284,NZL,-40.19,175.13
VICTORY_POINTS_1814,Wellington,284,NZL,-41.29,174.78
VICTORY_POINTS_12604,New Plymouth,284,NZL,-39.23,174.17
STATE_285,New South Wales,285,AST,-32.87,148.35
VICTORY_POINTS_7520,Newcastle,285,AST,-32.9,151.78
VICTORY_POINTS_7859,Canberra,285,AST,-35.58,149.67
VICTORY_POINTS_12406,Sydney,285,AST,-33.87,151.21
STATE_286,Southern Indochina,286,VIN,13.36,108.21
VICTORY_POINTS_10309,Tourane,286,VIN,15.85,107.97
VICTORY_POINTS_12204,Phan Rang,286,VIN,11.34,108.43
STATE_287,Taklamakan,287,PRC,39.33,82.66
STATE_288,Burma,288,BRM,21.72,94.41
VICTORY_POINTS_4202,Yenangyaung,288,BRM,20.92,95.08
STATE_289,Siam,289,SIA,14.4,99.1
VICTORY_POINTS_7312,Mae Sot,289,SIA,17.23,98.49
STATE_290,Spanish Africa,290,MOR,35.24,-4.61
STATE_291,Baghdad,291,IRQ,32.95,43.97
VICTORY_POINTS_2097,Baghdad,291,IRQ,33.31,44.37
VICTORY_POINTS_3795,Tikrit,291,IRQ,33.94,43.07
VICTORY_POINTS_7994,Karbala,291,IRQ,32.25,44.76
STATE_292,Nejd,292,SAU,24.2,45.54
VICTORY_POINTS_12727,Riyadh,292,SAU,24.71,46.68
STATE_293,Yemen,293,YEM,15.07,44.73
VICTORY_POINTS_10840,Sana'a,293,YEM,15.15,44.06
STATE_294,Oman,294,OMA,22.18,57.85
VICTORY_POINTS_10760,Muscat,294,OMA,23.59,58.41
STATE_295,Leopoldville,295,COG,-4.9,15.88
VICTORY_POINTS_5117,Léopoldville,295,COG,-4.44,15.27
VICTORY_POINTS_12925,Matadi,295,COG,-5.75,14.17
VICTORY_POINTS_13365,Nkamba,295,COG,-5.08,12.86
STATE_296,Guinea-Bissau,296,GNB,11.31,-16.05
VICTORY_POINTS_12891,Bissau,296,GNB,11.5,-16.6
STATE_297,Equatorial Guinea,297,EQG,2.31,9.08
VICTORY_POINTS_1903,Malabo,297,EQG,3.23,8.2
STATE_298,Liberia,298,LIB,4.14,-9.59
VICTORY_POINTS_7959,Monrovia,298,LIB,4.8,-10.44
STATE_299,Falkland Islands,299,ENG,-47.28,-57.45
VICTORY_POINTS_12960,Port Stanley,299,ENG,-47.32,-56.85
STATE_300,Uruguay,300,URG,-34.39,-56.21
VICTORY_POINTS_10362,Montevideo,300,URG,-34.9,-56.16
STATE_301,Paraguay,301,PAR,-25.17,-56.88
VICTORY_POINTS_2152,Asunción,301,PAR,-25.26,-57.58
VICTORY_POINTS_2194,Encarnación,301,PAR,-26.22,-56.04
VICTORY_POINTS_11023,Pedro Juan Caballero,301,PAR,-23.11,-57.23
STATE_302,La Paz,302,BOL,-18.59,-66.52
VICTORY_POINTS_5179,Sucre,302,BOL,-19.34,-64.63
VICTORY_POINTS_5230,La Paz,302,BOL,-16.49,-68.12
STATE_303,Lima,303,PRU,-9.18,-77.86
VICTORY_POINTS_2156,Piura,303,PRU,-5.46,-80.51
VICTORY_POINTS_12997,Lima,303,PRU,-12.05,-77.04
STATE_304,Panamá,304,PAN,8.34,-80.24
VICTORY_POINTS_4611,San José de David,304,PAN,8.58,-82.47
VICTORY_POINTS_7630,Panamá,304,PAN,8.98,-78.85
STATE_305,Ecuador,305,ECU,-1.54,-78.7
VICTORY_POINTS_8252,Guayaquil,305,ECU,-1.78,-80.22
VICTORY_POINTS_12798,Quito,305,ECU,-0.18,-78.47
STATE_306,Cundinamarca,306,COL,3.4,-75.67
VICTORY_POINTS_10747,Bogota,306,COL,4.87,-74.22
STATE_307,Miranda,307,VEN,9.04,-66.11
VICTORY_POINTS_8113,Caracas,307,VEN,10.49,-66.88
STATE_308,Leeward Islands,308,BAS,16.04,-61.93
VICTORY_POINTS_4450,St John's,308,BAS,16.82,-62.39
STATE_309,Suriname,309,SUR,3.94,-56.34
VICTORY_POINTS_10906,Paramaribo,309,SUR,4.61,-55.5
STATE_310,French Guiana,310,FRA,3.57,-53.7
VICTORY_POINTS_12885,Cayenne,310,FRA,4.38,-53.56
STATE_311,Belize,311,BLZ,17.27,-88.67
VICTORY_POINTS_2077,Belize City,311,BLZ,17.27,-88.67
STATE_312,Honduras,312,HON,14.7,-86.76
VICTORY_POINTS_12865,Tegucigalpa,312,HON,14.16,-86.93
STATE_313,Guatemala,313,GUA,15.49,-90.44
VICTORY_POINTS_10886,Guatemala,313,GUA,14.26,-90.76
STATE_314,El Salvador,314,ELS,13.62,-88.85
VICTORY_POINTS_12823,San Salvador,314,ELS,13.79,-89.36
STATE_315,Cuba,315,CUB,21.67,-78.94
VICTORY_POINTS_7590,Guantánamo,315,CUB,20.18,-74.99
VICTORY_POINTS_7622,Havana,315,CUB,23.11,-82.37
STATE_316,Costa Rica,316,COS,9.75,-84.24
VICTORY_POINTS_13087,San Jose,316,COS,9.89,-84.15
STATE_317,Nicaragua,317,NIC,12.33,-85.5
VICTORY_POINTS_12738,Managua,317,NIC,12.22,-86.67
STATE_318,Haiti,318,HAI,18.62,-72.82
VICTORY_POINTS_4641,Port-au-Prince,318,HAI,18.38,-72.36
STATE_319,Dominican Republic,319,DOM,18.62,-70.47
VICTORY_POINTS_4598,Santiago de los Caballeros,319,DOM,19.17,-71.08
VICTORY_POINTS_7660,Santo Domingo,319,DOM,18.28,-69.71
STATE_320,French India,320,RAJ,12.28,79.35
VICTORY_POINTS_10149,Puducherry,320,RAJ,12.28,79.35
STATE_321,Goa,321,RAJ,15.57,73.75
VICTORY_POINTS_1273,Goa,321,RAJ,15.57,73.75
STATE_322,Nagqu,322,PRC,32.77,88.37
STATE_323,Nepal,323,NEP,27.94,84.24
VICTORY_POINTS_4987,Kathmandu,323,NEP,27.24,85.07
STATE_324,Bhutan,324,BHU,27.27,90.35
VICTORY_POINTS_8010,Punakha,324,BHU,27.29,89.71
STATE_325,Yunnan,325,PRC,24.57,103.15
VICTORY_POINTS_1319,Kunming,325,PRC,25.79,102.66
VICTORY_POINTS_4501,Mengzi,325,PRC,23.77,102.95
VICTORY_POINTS_5072,Zhenxiong,325,PRC,27.76,104.24
VICTORY_POINTS_12262,Pu'er,325,PRC,23.65,100.72
STATE_326,Hong Kong,326,PRC,22.32,114.17
VICTORY_POINTS_10062,Hong Kong,326,PRC,22.32,114.17
STATE_327,Manila,327,PHI,14.64,121.16
VICTORY_POINTS_1221,Batangas,327,PHI,14.09,120.87
VICTORY_POINTS_4288,Calapan,327,PHI,13.37,120.82
VICTORY_POINTS_10265,Manila,327,PHI,14.6,120.98
STATE_328,Kirin,328,PRC,43.15,126.68
VICTORY_POINTS_4572,Hsinking,328,PRC,44.13,124.99
VICTORY_POINTS_10433,Harbin,328,PRC,45.8,126.53
STATE_329,Tannu Tuva,329,SOV,51.46,95.3
VICTORY_POINTS_10627,Kyzyl,329,SOV,51.13,95.7
STATE_330,Ulaanbaatar,330,MON,47.78,103.06
VICTORY_POINTS_4801,Ulaanbaatar,330,MON,47.72,107.06
VICTORY_POINTS_7799,Uliastay,330,MON,48.04,97.08
STATE_331,Newfoundland,331,CAN,51.01,-56.02
STATE_332,Labrador,332,CAN,56.51,-62.5
STATE_333,North Borneo,333,MAL,2.18,112.51
VICTORY_POINTS_1208,Kuching,333,MAL,1.34,110.08
STATE_334,Kalimantan,334,INS,-0.57,110.27
VICTORY_POINTS_4279,Pontianak,334,INS,0.28,109.27
STATE_335,Java,335,INS,-7.37,107.01
VICTORY_POINTS_4434,Cilacap,335,INS,-7.97,108.16
VICTORY_POINTS_7421,Bandung,335,INS,-7.26,107.24
STATE_336,Malaysia,336,MAL,3.1,101.72
VICTORY_POINTS_4412,Seremban,336,MAL,2.72,102.15
VICTORY_POINTS_10297,Kuala Lumpur,336,MAL,3.03,101.67
STATE_337,Faroe Islands,337,DEN,61.48,-7.76
VICTORY_POINTS_13003,Tórshavn,337,DEN,61.48,-7.76
STATE_338,Gloucestershire,338,ENG,51.46,-2.05
VICTORY_POINTS_3369,Bristol,338,ENG,51.55,-2.2
STATE_339,Izmir,339,TUR,38.27,27.84
VICTORY_POINTS_928,Manisa,339,TUR,38.66,27.82
VICTORY_POINTS_4112,Izmir,339,TUR,38.27,26.92
STATE_340,Bursa,340,TUR,39.83,28.35
VICTORY_POINTS_947,Bursa,340,TUR,39.95,29.35
VICTORY_POINTS_9799,Balıkesir,340,TUR,39.47,27.41
STATE_341,Edirne,341,TUR,41.12,27.4
VICTORY_POINTS_11842,Edirne,341,TUR,41.72,27.2
STATE_342,Antalya,342,TUR,36.88,29.35
VICTORY_POINTS_1005,Antalya,342,TUR,36.91,30.43
STATE_343,Afyon,343,TUR,38.61,29.84
VICTORY_POINTS_3856,Kütahya,343,TUR,38.86,29.82
VICTORY_POINTS_9878,Afyon,343,TUR,38.26,30.5
VICTORY_POINTS_10041,Denizli,343,TUR,37.68,29.13
STATE_344,Malatya,344,TUR,37.36,36.98
VICTORY_POINTS_6813,Kahramanmaraş,344,TUR,37.8,37.1
VICTORY_POINTS_7620,Malatya,344,TUR,38.05,38.52
VICTORY_POINTS_9893,Gaziantep,344,TUR,37.05,37.39
VICTORY_POINTS_11746,Adana,344,TUR,36.91,35.23
STATE_345,Mersin,345,TUR,36.73,33.04
VICTORY_POINTS_10056,Mersin,345,TUR,36.93,34.15
VICTORY_POINTS_11810,Tarsus,345,TUR,37.12,34.78
STATE_346,Konya,346,TUR,38.03,32.43
VICTORY_POINTS_784,Isparta,346,TUR,37.59,30.85
VICTORY_POINTS_6807,Karaman,346,TUR,37.53,33.37
VICTORY_POINTS_9861,Konya,346,TUR,38.81,33.44
STATE_347,Izmit,347,TUR,40.8,31.36
VICTORY_POINTS_904,Adapazarı,347,TUR,40.86,31.11
VICTORY_POINTS_11811,İzmit,347,TUR,40.74,30.3
STATE_348,Kayseri,348,TUR,38.21,35.54
VICTORY_POINTS_3870,,348,TUR,38.45,34.4
STATE_349,Sivas,349,TUR,39.34,37.44
VICTORY_POINTS_9777,Sivas,349,TUR,39.38,36.71
STATE_350,Diyarbakır,350,TUR,37.38,39.8
VICTORY_POINTS_4512,Diyarbakır,350,TUR,37.71,40.36
VICTORY_POINTS_9823,Urfa,350,TUR,37.12,38.33
VICTORY_POINTS_12387,Batman,350,TUR,37.39,41.39
STATE_351,Vologda,351,SOV,59.43,40.99
VICTORY_POINTS_9131,Vologda,351,SOV,59.35,39.85
STATE_352,Hakkari,352,TUR,37.93,42.51
VICTORY_POINTS_7530,Cizîr,352,TUR,37.59,42.17
VICTORY_POINTS_10497,Sêrt,352,TUR,38.23,41.51
VICTORY_POINTS_12476,Hakkâri,352,TUR,37.63,43.08
STATE_353,Tunceli,353,TUR,39.13,39.94
VICTORY_POINTS_876,Xarpêt,353,TUR,38.79,39.75
VICTORY_POINTS_9860,Tunceli,353,TUR,38.58,38.91
VICTORY_POINTS_9868,Erzîngan,353,TUR,39.81,39.41
STATE_354,Trabzon,354,TUR,40.6,41.23
VICTORY_POINTS_3979,Gümüşhane,354,TUR,40.34,39.19
VICTORY_POINTS_9932,Trabzon,354,TUR,40.79,39.47
VICTORY_POINTS_10472,Kars,354,TUR,40.5,43.16
VICTORY_POINTS_11853,Erzurum,354,TUR,39.77,41.23
STATE_355,Samsun,355,TUR,40.65,36.69
VICTORY_POINTS_11881,Samsun,355,TUR,41.19,36.04
STATE_356,Kastamonu,356,TUR,40.98,33.95
VICTORY_POINTS_6938,Kastamonu,356,TUR,41.09,33.63
VICTORY_POINTS_6995,Sinop,356,TUR,41.53,35.13
STATE_357,New England,357,USA,43.83,-71.43
VICTORY_POINTS_6732,Boston,357,USA,42.56,-71.6
VICTORY_POINTS_9832,Providence,357,USA,41.41,-72.52
VICTORY_POINTS_12459,Bangor,357,USA,45.17,-69.6
STATE_358,New York,358,USA,42.74,-75.62
VICTORY_POINTS_3878,New York,358,USA,40.71,-74.01
VICTORY_POINTS_11654,Buffalo,358,USA,42.67,-78.77
STATE_359,New Jersey,359,USA,40.05,-74.88
VICTORY_POINTS_6882,Newark,359,USA,40.69,-74.55
STATE_360,Pennsylvania,360,USA,40.68,-77.83
VICTORY_POINTS_6845,Philadelphia,360,USA,39.94,-75.48
VICTORY_POINTS_11800,Pittsburgh,360,USA,40.58,-79.98
STATE_361,Maryland,361,USA,38.91,-76.85
VICTORY_POINTS_3957,Washington,361,USA,38.91,-77.04
VICTORY_POINTS_6984,Baltimore,361,USA,39.33,-76.74
STATE_362,Virginia,362,USA,37.29,-78.62
VICTORY_POINTS_788,Norfolk,362,USA,36.52,-76.62
VICTORY_POINTS_10412,Richmond,362,USA,37.06,-79.24
STATE_363,North Carolina,363,USA,35.3,-79.19
VICTORY_POINTS_7138,Charlotte,363,USA,34.94,-80.42
STATE_364,South Carolina,364,USA,33.73,-80.81
VICTORY_POINTS_7202,Charleston,364,USA,32.75,-79.99
STATE_365,Georgia,365,USA,32.62,-83.36
VICTORY_POINTS_12384,Atlanta,365,USA,33.52,-84.17
STATE_366,Florida,366,USA,28.54,-82.16
VICTORY_POINTS_1843,Miami,366,USA,25.76,-80.19
STATE_367,Alabama,367,USA,32.56,-86.71
VICTORY_POINTS_7480,Mobile,367,USA,30.88,-88.06
VICTORY_POINTS_12735,Birmingham,367,USA,33.52,-86.78
STATE_368,Tennessee,368,USA,35.64,-86.15
VICTORY_POINTS_12501,Nashville,368,USA,35.66,-87.18
STATE_369,Kentucky,369,USA,37.3,-85.13
VICTORY_POINTS_6696,Louisville,369,USA,37.84,-85.57
STATE_370,Mississippi,370,USA,32.54,-89.48
VICTORY_POINTS_4464,Biloxi,370,USA,30.66,-89.34
STATE_371,Louisiana,371,USA,30.83,-91.74
VICTORY_POINTS_7552,New Orleans,371,USA,29.83,-90.06
STATE_372,Arkansas,372,USA,34.55,-92.22
VICTORY_POINTS_12489,Little Rock,372,USA,34.39,-92.41
STATE_373,Missouri,373,USA,38.12,-92.26
VICTORY_POINTS_4569,Saint Louis,373,USA,37.94,-90.43
VICTORY_POINTS_10370,Springfield,373,USA,36.77,-93.05
VICTORY_POINTS_10717,Kansas City,373,USA,38.49,-93.93
STATE_374,Oklahoma,374,USA,35.25,-97.3
VICTORY_POINTS_1806,Tulsa,374,USA,36.17,-95.79
STATE_375,Texas,375,USA,31.4,-98.61
VICTORY_POINTS_3960,Dallas,375,USA,32.63,-96.83
VICTORY_POINTS_10337,Houston,375,USA,29.76,-95.37
VICTORY_POINTS_12782,San Antonio,375,USA,29.34,-98.56
STATE_376,New Mexico,376,USA,34.21,-105.71
VICTORY_POINTS_4975,Albuquerque,376,USA,34.78,-105.49
STATE_377,Arizona,377,USA,34.32,-111.55
VICTORY_POINTS_853,Phoenix,377,USA,33.57,-112.07
STATE_378,California,378,USA,37.35,-120.16
VICTORY_POINTS_1562,San Diego,378,USA,32.83,-116.86
VICTORY_POINTS_9671,San Francisco,378,USA,37.77,-122.42
VICTORY_POINTS_9713,Sacramento,378,USA,38.96,-121.58
VICTORY_POINTS_9814,Los Angeles,378,USA,34.05,-118.24
STATE_379,Nevada,379,USA,39.16,-116.9
STATE_380,Utah,380,USA,39.21,-111.55
VICTORY_POINTS_4865,Salt Lake City,380,USA,40.22,-111.7
STATE_381,Wyoming,381,USA,42.63,-107.18
STATE_382,Colorado,382,USA,38.95,-105.36
VICTORY_POINTS_1827,Denver,382,USA,39.74,-104.99
STATE_383,Kansas,383,USA,38.16,-97.75
VICTORY_POINTS_4740,Wichita,383,USA,37.16,-97.7
VICTORY_POINTS_7834,Topeka,383,USA,38.23,-94.89
STATE_384,Nebraska,384,USA,41.22,-99.45
VICTORY_POINTS_12586,Omaha,384,USA,41.47,-96.39
STATE_385,Oregon,385,USA,43.81,-121.76
VICTORY_POINTS_3513,Portland,385,USA,45.0,-122.75
STATE_386,Washington,386,USA,47.08,-120.99
VICTORY_POINTS_1690,Spokane,386,USA,47.39,-117.91
VICTORY_POINTS_7315,Seattle,386,USA,47.61,-122.33
STATE_387,Idaho,387,USA,44.35,-114.89
VICTORY_POINTS_9616,Boise,387,USA,43.97,-116.7
STATE_388,Montana,388,USA,46.67,-109.6
VICTORY_POINTS_4860,Great Falls,388,USA,46.72,-110.88
STATE_389,North Dakota,389,USA,46.66,-99.9
VICTORY_POINTS_1836,Bismarck,389,USA,46.05,-99.88
STATE_390,South Dakota,390,USA,43.88,-99.76
VICTORY_POINTS_1747,Rapid City,390,USA,43.85,-102.91
STATE_391,Minnesota,391,USA,45.45,-93.96
VICTORY_POINTS_1866,Minneapolis,391,USA,44.54,-93.71
STATE_392,Iowa,392,USA,41.8,-93.15
VICTORY_POINTS_1770,Des Moines,392,USA,41.5,-94.16
STATE_393,Michigan,393,USA,43.81,-84.68
VICTORY_POINTS_6710,Detroit,393,USA,42.33,-83.21
STATE_394,Wisconsin,394,USA,44.29,-89.68
VICTORY_POINTS_12357,Milwaukee,394,USA,42.82,-88.12
STATE_395,Illinois,395,USA,40.08,-88.97
VICTORY_POINTS_9450,Chicago,395,USA,41.88,-87.63
STATE_396,Indiana,396,USA,39.85,-86.01
VICTORY_POINTS_1595,Indianapolis,396,USA,39.47,-85.91
STATE_397,Syktyvkar,397,SOV,61.86,51.39
VICTORY_POINTS_108,Syktyvkar,397,SOV,61.52,48.83
STATE_398,Perm,398,SOV,59.03,55.97
VICTORY_POINTS_7375,Perm,398,SOV,58.0,56.08
STATE_399,Udmurtia,399,SOV,57.2,52.85
VICTORY_POINTS_6278,Izhevsk,399,SOV,56.72,53.26
STATE_400,Kirov,400,SOV,58.92,48.93
VICTORY_POINTS_6124,Kirov,400,SOV,58.56,49.44
STATE_401,Balakovo,401,SOV,51.07,48.62
VICTORY_POINTS_6502,Balakovo,401,SOV,51.63,47.99
STATE_402,Akhtubinsk,402,KAZ,47.69,59.49
VICTORY_POINTS_7341,Aktobe,402,KAZ,50.17,57.64
STATE_403,Tyumen,403,SOV,57.51,68.74
VICTORY_POINTS_4824,Tyumen,403,SOV,57.38,65.74
STATE_404,Kyzyl Orda,404,KAZ,43.96,66.94
VICTORY_POINTS_7597,Kzyl-Orda,404,KAZ,44.4,66.89
STATE_405,Tashkent,405,UZB,40.71,68.47
VICTORY_POINTS_1459,Tashkent,405,UZB,41.3,69.24
VICTORY_POINTS_10488,Kokand,405,UZB,40.91,70.7
STATE_406,Guryev,406,KAZ,47.38,51.67
VICTORY_POINTS_3618,Guryev,406,KAZ,46.77,52.62
STATE_407,Ural'sk,407,KAZ,49.5,50.81
VICTORY_POINTS_11537,Ural'sk,407,KAZ,50.85,51.05
STATE_408,Vladivostok,408,SOV,45.06,134.15
VICTORY_POINTS_957,Vladivostok,408,SOV,43.12,131.89
STATE_409,Khabarovsk,409,SOV,49.16,137.95
VICTORY_POINTS_12189,Khabarovsk,409,SOV,48.48,135.08
STATE_410,Sistan,410,PER,27.64,60.27
VICTORY_POINTS_10782,Iransahr,410,PER,27.65,62.07
STATE_411,Isfahan,411,PER,32.96,52.06
VICTORY_POINTS_2026,Isfahan,411,PER,32.61,51.79
VICTORY_POINTS_4928,Yasuj,411,PER,31.57,51.75
STATE_412,Fars,412,PER,28.85,54.37
VICTORY_POINTS_7982,Bandar e'Abbas,412,PER,27.79,56.84
VICTORY_POINTS_8117,Shiraz,412,PER,29.84,52.51
VICTORY_POINTS_12832,Bushehr,412,PER,28.28,53.0
STATE_413,Khuzestan,413,PER,31.27,49.28
VICTORY_POINTS_7953,Ahvaz,413,PER,31.37,48.41
STATE_414,Kerman,414,PER,29.96,57.78
VICTORY_POINTS_10913,Kerman,414,PER,29.87,57.21
STATE_415,Herat,415,AFG,33.93,63.26
VICTORY_POINTS_4893,Herat,415,AFG,34.78,61.76
STATE_416,Khorasan,416,PER,35.51,59.37
VICTORY_POINTS_5029,Mashhad,416,PER,36.27,59.77
STATE_417,Hamadan,417,PER,34.55,49.52
VICTORY_POINTS_2065,Arak,417,PER,33.51,49.02
VICTORY_POINTS_8040,Hamedan,417,PER,34.58,48.54
STATE_418,Semnan,418,PER,34.96,55.24
VICTORY_POINTS_8093,Shahroud,418,PER,35.8,54.02
STATE_419,Tibriz,419,PER,37.71,45.24
VICTORY_POINTS_1822,Mahabad,419,PER,36.74,45.26
VICTORY_POINTS_7604,Orumiyeh,419,PER,37.99,44.72
STATE_420,Gilan,420,PER,37.2,48.88
VICTORY_POINTS_4901,Ardabil,420,PER,38.0,48.42
VICTORY_POINTS_7969,Karaj,420,PER,36.1,49.89
STATE_421,Kurdistan,421,PER,33.1,47.13
STATE_422,Ceylon,422,SRL,7.87,80.32
VICTORY_POINTS_7260,Colombo,422,SRL,6.93,79.86
VICTORY_POINTS_10201,Trincomalee,422,SRL,9.27,80.0
STATE_423,Madurai,423,RAJ,11.44,77.58
VICTORY_POINTS_10246,Madurai,423,RAJ,11.31,78.35
VICTORY_POINTS_10278,Chennai,423,RAJ,13.09,79.69
STATE_424,Madras,424,RAJ,15.29,79.17
STATE_425,Mysore,425,RAJ,13.71,76.12
VICTORY_POINTS_4315,Mysore City,425,RAJ,12.07,76.72
VICTORY_POINTS_7244,Mangalore,425,RAJ,13.54,75.03
VICTORY_POINTS_8011,Bangalore,425,RAJ,13.21,77.07
STATE_426,Orissa,426,RAJ,20.04,84.2
STATE_427,Hyderabad,427,RAJ,18.28,77.64
VICTORY_POINTS_8087,Hyderabad,427,RAJ,17.57,78.18
VICTORY_POINTS_10311,Aurangabad,427,RAJ,19.61,76.09
VICTORY_POINTS_12114,Warangal,427,RAJ,18.19,79.77
STATE_428,Gujarat,428,RAJ,23.0,70.89
VICTORY_POINTS_9975,Ahmadabad,428,RAJ,22.96,72.27
VICTORY_POINTS_10118,Jamnagar,428,RAJ,22.61,70.3
STATE_429,Bombay,429,RAJ,19.53,73.8
VICTORY_POINTS_1349,Mumbai,429,RAJ,19.1,72.91
STATE_430,Bangladesh,430,BAN,23.65,90.31
VICTORY_POINTS_11929,Dacca,430,BAN,23.81,90.41
STATE_431,West Bengal,431,RAJ,23.9,87.87
VICTORY_POINTS_4245,Kolkata,431,RAJ,22.58,88.26
VICTORY_POINTS_12338,Darjeeling,431,RAJ,26.5,88.83
STATE_432,Assam,432,RAJ,24.91,92.2
VICTORY_POINTS_12366,Dispur,432,RAJ,26.07,92.25
STATE_433,Rajahsthan,433,RAJ,26.48,74.08
VICTORY_POINTS_1908,Jaipur,433,RAJ,26.39,74.37
VICTORY_POINTS_2054,Jaipur,433,RAJ,27.21,76.11
VICTORY_POINTS_10772,Lahore,433,RAJ,29.82,74.72
STATE_434,Arunachal Pradesh,434,RAJ,27.97,94.13
VICTORY_POINTS_1116,Itanagar,434,RAJ,27.55,94.04
STATE_435,Bihar,435,RAJ,24.67,84.94
VICTORY_POINTS_4516,Patna,435,RAJ,25.19,85.14
STATE_436,Jabalpur,436,RAJ,21.74,79.98
VICTORY_POINTS_4950,Nagpur,436,RAJ,21.95,77.76
STATE_437,Indore,437,RAJ,23.17,75.95
VICTORY_POINTS_4106,Indore,437,RAJ,23.64,75.69
STATE_438,Lucknow,438,RAJ,26.57,80.61
VICTORY_POINTS_1377,Lucknow,438,RAJ,26.91,80.31
VICTORY_POINTS_12137,Lucknow,438,RAJ,26.39,79.82
STATE_439,Delhi,439,RAJ,28.49,77.34
VICTORY_POINTS_2086,New Delhi,439,RAJ,28.16,76.95
STATE_440,Punjab,440,PAK,30.98,72.83
VICTORY_POINTS_10173,Rawalpindi,440,PAK,32.37,72.54
VICTORY_POINTS_10887,Lahore,440,PAK,31.55,74.34
VICTORY_POINTS_10898,Harappa,440,PAK,28.68,71.13
STATE_441,Kashmir,441,RAJ,33.3,77.06
STATE_442,Peshawar,442,PAK,34.55,72.17
VICTORY_POINTS_12763,Peshawar,442,PAK,34.5,72.49
STATE_443,Sind,443,PAK,26.07,68.56
VICTORY_POINTS_3456,Karachi,443,PAK,24.86,67.01
STATE_444,Baluchistan,444,PAK,26.61,64.1
VICTORY_POINTS_12774,Gwadar,444,PAK,26.02,62.55
STATE_445,Quetta,445,PAK,29.29,69.2
STATE_446,Suez,446,EGY,30.25,32.24
VICTORY_POINTS_4073,Suez,446,EGY,29.79,31.96
VICTORY_POINTS_12049,Port Said,446,EGY,30.58,31.91
STATE_447,Alexandria,447,EGY,30.9,30.12
VICTORY_POINTS_1071,El-Alamein,447,EGY,30.61,28.67
VICTORY_POINTS_4076,Alexandria,447,EGY,31.2,29.92
STATE_448,Tripoli,448,LBA,32.62,13.83
VICTORY_POINTS_1149,Tripoli,448,LBA,32.89,13.19
STATE_449,El Agheila,449,LBA,30.77,17.83
STATE_450,Benghasi,450,LBA,31.73,20.24
VICTORY_POINTS_11954,Bengasi,450,LBA,32.07,20.12
STATE_451,Derna,451,LBA,32.35,22.82
VICTORY_POINTS_1130,Tobruk,451,LBA,32.01,23.59
STATE_452,Matrouh,452,EGY,30.77,26.37
VICTORY_POINTS_9989,Sidi Barrani,452,EGY,31.24,25.91
STATE_453,Sinai,453,EGY,29.75,33.65
VICTORY_POINTS_4161,El-Arīsh,453,EGY,30.81,33.99
VICTORY_POINTS_10099,Sharm el-Sheikh,453,EGY,28.32,33.61
STATE_454,Israel,454,ISR,31.59,35.01
VICTORY_POINTS_1065,An-Nāsira,454,ISR,32.87,35.27
VICTORY_POINTS_4206,Tel Aviv,454,ISR,31.92,34.82
STATE_455,Jordan,455,JOR,31.19,36.28
VICTORY_POINTS_7151,Amman,455,JOR,31.93,35.79
VICTORY_POINTS_11976,Ma'an,455,JOR,29.8,36.09
STATE_456,Aswan,456,EGY,25.52,31.7
VICTORY_POINTS_11974,Asyut,456,EGY,27.08,30.52
VICTORY_POINTS_11999,Aswan,456,EGY,24.19,32.85
VICTORY_POINTS_12071,Luxor,456,EGY,25.84,32.64
STATE_457,Eastern Desert,457,EGY,25.98,33.11
VICTORY_POINTS_12002,Hurghada,457,EGY,27.09,32.74
STATE_458,Tunisia,458,TUN,36.03,9.85
VICTORY_POINTS_9994,Bizerte,458,TUN,36.94,9.5
VICTORY_POINTS_11921,Sfax,458,TUN,35.09,10.68
VICTORY_POINTS_11969,Tunis,458,TUN,36.81,10.18
STATE_459,Algiers,459,ALG,36.2,1.65
VICTORY_POINTS_1145,Algiers,459,ALG,36.75,3.06
VICTORY_POINTS_7132,Oran,459,ALG,35.77,-0.5
STATE_460,Constantine,460,ALG,36.37,6.47
VICTORY_POINTS_7081,Annaba,460,ALG,36.76,7.45
VICTORY_POINTS_12051,Constantine,460,ALG,36.61,6.89
STATE_461,Casablanca,461,MOR,33.87,-5.35
VICTORY_POINTS_7069,Casablanca,461,MOR,33.57,-7.59
STATE_462,Marrakech,462,MOR,31.39,-6.15
VICTORY_POINTS_4108,Marrakech,462,MOR,31.21,-7.9
STATE_463,Alaska,463,USA,58.79,-153.02
VICTORY_POINTS_13090,Unalaska,463,USA,54.47,-168.9
VICTORY_POINTS_13091,Anchorage,463,USA,61.22,-149.9
STATE_464,Nova Scotia,464,CAN,45.8,-63.93
VICTORY_POINTS_7361,Halifax,464,CAN,45.38,-64.55
STATE_465,New Brunswick,465,CAN,47.11,-66.75
STATE_466,Nord du Quebec,466,CAN,58.38,-74.16
STATE_467,Manitoba,467,CAN,50.07,-98.56
VICTORY_POINTS_4872,Winnipeg,467,CAN,49.9,-97.14
STATE_468,Saint Lawrence,468,CAN,47.04,-71.3
VICTORY_POINTS_4345,Montréal,468,CAN,46.06,-74.19
VICTORY_POINTS_12149,Québec,468,CAN,47.51,-71.56
STATE_469,Saskatchewan,469,CAN,51.1,-105.73
STATE_470,Alberta,470,CAN,53.17,-113.78
VICTORY_POINTS_3010,Edmonton,470,CAN,53.84,-114.08
STATE_471,Upper British Columbia,471,CAN,56.14,-127.05
STATE_472,Northwest Territories,472,CAN,60.95,-113.59
STATE_473,British Columbia,473,CAN,50.7,-122.07
VICTORY_POINTS_1408,Vancouver,473,CAN,49.28,-123.12
STATE_474,Yucatan,474,MEX,19.75,-89.12
VICTORY_POINTS_4904,Campeche,474,MEX,18.84,-90.18
STATE_475,Chiapas,475,MEX,16.92,-92.4
VICTORY_POINTS_1900,Tuxtla Gutiérrez,475,MEX,16.76,-92.0
STATE_476,Oaxaca,476,MEX,17.33,-95.63
VICTORY_POINTS_2021,Villahermosa,476,MEX,17.86,-93.78
VICTORY_POINTS_10889,Coatzacoalcos,476,MEX,17.94,-95.25
STATE_477,Veracruz,477,MEX,19.68,-97.44
VICTORY_POINTS_8089,Puebla,477,MEX,18.77,-98.04
VICTORY_POINTS_12810,Veracruz,477,MEX,18.84,-96.43
STATE_478,Jalisco,478,MEX,21.05,-103.56
VICTORY_POINTS_10172,Aguascalientes,478,MEX,22.25,-102.29
VICTORY_POINTS_12746,Puerto Vallarta,478,MEX,20.89,-104.77
VICTORY_POINTS_13089,Guadalajara,478,MEX,20.33,-103.4
STATE_479,Tamaulipas,479,MEX,23.5,-99.47
VICTORY_POINTS_4956,San Luis Potosi,479,MEX,22.12,-100.28
VICTORY_POINTS_5015,Matamoros,479,MEX,25.24,-98.02
STATE_480,Coahuila,480,MEX,26.64,-101.47
VICTORY_POINTS_10769,Reynosa,480,MEX,25.77,-99.28
VICTORY_POINTS_12811,Piedras Negras,480,MEX,28.63,-101.09
VICTORY_POINTS_12835,Monterrey,480,MEX,25.74,-100.53
STATE_481,Durango,481,MEX,24.53,-105.48
VICTORY_POINTS_7921,Durango,481,MEX,23.66,-104.93
STATE_482,Chihuahua,482,MEX,28.66,-106.31
VICTORY_POINTS_8097,Juárez,482,MEX,30.7,-106.01
VICTORY_POINTS_10830,Chihuahua,482,MEX,28.02,-106.03
STATE_483,Sonora,483,MEX,29.69,-110.57
VICTORY_POINTS_10765,Hermosillo,483,MEX,29.52,-110.23
STATE_484,Baja California,484,MEX,29.47,-114.26
VICTORY_POINTS_12461,Tijuana,484,MEX,32.2,-116.27
STATE_485,Guerrero,485,MEX,18.37,-100.87
VICTORY_POINTS_4887,Morelia,485,MEX,19.47,-101.66
VICTORY_POINTS_8032,Manzanillo,485,MEX,18.7,-102.6
VICTORY_POINTS_10730,Acapulco,485,MEX,17.31,-99.14
STATE_486,Meta,486,COL,1.71,-71.68
STATE_487,Santa Cruz,487,BOL,-15.47,-64.1
VICTORY_POINTS_8211,Trinidad,487,BOL,-12.63,-66.23
VICTORY_POINTS_8240,Cochabamba,487,BOL,-16.59,-65.27
VICTORY_POINTS_12973,Santa Cruz,487,BOL,-15.63,-63.01
STATE_488,Bolivar,488,VEN,5.54,-64.12
VICTORY_POINTS_10879,Ciudad Guayana,488,VEN,7.13,-62.68
STATE_489,Zulia,489,VEN,9.93,-70.81
VICTORY_POINTS_1944,Maracaibo,489,VEN,10.89,-72.2
STATE_490,Pastaza,490,PRU,-3.97,-76.7
VICTORY_POINTS_13289,Iquitos,490,PRU,-3.7,-74.36
STATE_491,Loreto,491,PRU,-4.41,-74.51
VICTORY_POINTS_10970,Yurimaguas,491,PRU,-6.4,-75.64
STATE_492,Arequipa,492,PRU,-15.33,-72.14
VICTORY_POINTS_2210,Arequipa,492,PRU,-15.88,-71.6
VICTORY_POINTS_13286,Puno,492,PRU,-16.5,-69.62
VICTORY_POINTS_13288,Mollendo,492,PRU,-16.54,-72.48
STATE_493,La Libertad,493,COL,8.24,-74.9
VICTORY_POINTS_2023,Medellin,493,COL,6.25,-75.3
VICTORY_POINTS_12790,Cartagena,493,COL,9.97,-75.19
STATE_494,Ucayali,494,PRU,-11.0,-72.82
VICTORY_POINTS_2226,Pucallpa,494,PRU,-7.73,-74.7
VICTORY_POINTS_5166,Cusco,494,PRU,-13.14,-72.7
VICTORY_POINTS_8191,Puerto Maldonado,494,PRU,-12.0,-70.63
STATE_495,Amazonas,495,BRA,-4.3,-63.46
VICTORY_POINTS_10934,Manaus,495,BRA,-3.12,-60.02
STATE_496,Minas Gerais,496,BRA,-19.26,-44.79
VICTORY_POINTS_7476,Belo Horizonte,496,BRA,-19.44,-44.95
STATE_497,Maranhão,497,BRA,-3.94,-45.34
VICTORY_POINTS_12933,São Luís,497,BRA,-2.17,-43.57
STATE_498,Rio Grande do Norte,498,BRA,-5.09,-36.72
VICTORY_POINTS_10933,Natal,498,BRA,-5.37,-35.55
STATE_499,Bahia,499,BRA,-12.38,-40.8
VICTORY_POINTS_10946,Salvador,499,BRA,-11.77,-38.42
STATE_500,Rio de Janeiro,500,BRA,-22.55,-42.79
VICTORY_POINTS_10980,Rio de Janeiro,500,BRA,-22.91,-43.17
STATE_501,São Paulo,501,BRA,-22.77,-48.6
VICTORY_POINTS_5112,Santos,501,BRA,-23.88,-45.96
VICTORY_POINTS_10513,São Paulo,501,BRA,-23.55,-46.63
STATE_502,Rio Grande do Sul,502,BRA,-29.77,-53.25
VICTORY_POINTS_7581,Santa Maria,502,BRA,-28.63,-53.96
VICTORY_POINTS_10447,Porto Alegre,502,BRA,-30.53,-51.44
STATE_503,Santa Catarina,503,BRA,-27.3,-51.06
VICTORY_POINTS_4548,Florianópolis,503,BRA,-28.39,-49.76
VICTORY_POINTS_10405,Joinville,503,BRA,-27.31,-49.7
STATE_504,Iguaçú,504,BRA,-21.55,-55.93
VICTORY_POINTS_12951,Campo Grande,504,BRA,-21.02,-55.57
STATE_505,Goiás,505,BRA,-16.1,-50.55
VICTORY_POINTS_5208,Brasilia,505,BRA,-15.16,-48.48
VICTORY_POINTS_12987,Goiânia,505,BRA,-16.35,-51.1
STATE_506,Antofagasta,506,CHL,-23.21,-69.05
VICTORY_POINTS_12994,,506,CHL,-23.38,-69.83
VICTORY_POINTS_13302,Calama,506,CHL,-22.13,-68.55
STATE_507,Magallanes,507,CHL,-48.37,-68.96
VICTORY_POINTS_5201,Punta Delgada,507,CHL,-48.0,-68.69
VICTORY_POINTS_5215,Punta Arenas,507,CHL,-48.75,-69.44
STATE_508,Tucuman,508,ARG,-25.73,-66.52
VICTORY_POINTS_8216,Tucumán,508,ARG,-25.64,-65.0
VICTORY_POINTS_13309,Catamarca,508,ARG,-26.75,-65.77
STATE_509,Chaco Austral,509,ARG,-26.88,-62.42
VICTORY_POINTS_2106,Resistencia,509,ARG,-26.54,-60.13
STATE_510,Mesopotamia,510,ARG,-30.09,-58.12
VICTORY_POINTS_1449,Paraná,510,ARG,-32.12,-59.8
VICTORY_POINTS_11007,Posadas,510,ARG,-26.85,-55.08
VICTORY_POINTS_12964,Corrientes,510,ARG,-28.01,-58.52
STATE_511,Mendoza,511,ARG,-33.01,-69.11
VICTORY_POINTS_10964,Mendoza,511,ARG,-31.36,-68.63
STATE_512,Patagonia,512,ARG,-38.79,-66.71
VICTORY_POINTS_12306,Neuquén,512,ARG,-38.37,-67.9
VICTORY_POINTS_12321,Viedma,512,ARG,-39.47,-63.5
STATE_513,Tlemcen,513,ALG,34.77,3.24
VICTORY_POINTS_12034,Batna,513,ALG,35.35,6.77
STATE_514,Algerian Desert,514,ALG,28.96,2.42
STATE_515,Southern Sahara,515,NGR,15.98,9.44
STATE_516,Dudinka,516,SOV,68.43,90.23
VICTORY_POINTS_4859,Dudinka,516,SOV,69.48,86.92
STATE_517,Victoria,517,AST,-37.15,144.85
VICTORY_POINTS_7798,Melbourne,517,AST,-37.81,144.96
STATE_518,Tasmania,518,AST,-41.62,146.59
VICTORY_POINTS_2189,Hobart,518,AST,-42.58,146.58
STATE_519,South Australia,519,AST,-32.72,136.88
VICTORY_POINTS_12910,Adelaide,519,AST,-34.93,138.6
STATE_520,Northern Territory,520,AST,-13.99,132.98
VICTORY_POINTS_7669,Darwin,520,AST,-12.46,130.84
STATE_521,Queensland,521,AST,-24.76,149.44
VICTORY_POINTS_7564,Brisbane,521,AST,-27.47,153.03
VICTORY_POINTS_7566,Townsville,521,AST,-19.29,145.46
STATE_522,Western Australia,522,AST,-28.93,116.75
VICTORY_POINTS_1652,Perth,522,AST,-31.95,115.86
STATE_523,Papua,523,PNG,-9.01,146.4
VICTORY_POINTS_1283,Daru,523,PNG,-8.91,142.43
VICTORY_POINTS_4329,Port Moresby,523,PNG,-9.44,147.18
VICTORY_POINTS_7305,Gona,523,PNG,-8.76,148.03
VICTORY_POINTS_10260,Alotau,523,PNG,-11.03,150.1
STATE_524,Taiwan,524,TAW,23.81,120.92
VICTORY_POINTS_7186,Taipei,524,TAW,25.03,121.57
VICTORY_POINTS_12068,Gaoxiong,524,TAW,23.01,120.4
STATE_525,South Korea,525,KOR,37.19,127.2
VICTORY_POINTS_7125,Seoul,525,KOR,37.57,126.98
STATE_526,Okinawa,526,JAP,26.93,128.22
VICTORY_POINTS_11932,Naha,526,JAP,25.23,126.64
STATE_527,North Korea,527,NRK,39.3,125.99
VICTORY_POINTS_1003,Haeju,527,NRK,37.95,126.02
VICTORY_POINTS_4052,Pyongyang,527,NRK,39.04,125.76
VICTORY_POINTS_11835,Sinijiu,527,NRK,39.95,124.75
STATE_528,Kyushu,528,JAP,33.18,130.57
VICTORY_POINTS_1025,Kokura,528,JAP,33.58,130.75
VICTORY_POINTS_7110,Fukuoka,528,JAP,33.31,130.31
VICTORY_POINTS_9950,Nagasaki,528,JAP,32.62,130.08
VICTORY_POINTS_11925,Kumamoto,528,JAP,32.64,130.93
STATE_529,Chugoku,529,JAP,34.49,132.79
VICTORY_POINTS_1092,Hiroshima,529,JAP,34.39,132.44
VICTORY_POINTS_7212,Okayama,529,JAP,34.73,134.04
VICTORY_POINTS_11985,Shimonoseki,529,JAP,34.1,131.23
STATE_530,Shikoku,530,JAP,33.65,133.55
VICTORY_POINTS_7197,Kochi,530,JAP,33.58,133.53
STATE_531,Kansai,531,JAP,34.75,135.7
VICTORY_POINTS_7072,Osaka,531,JAP,34.69,135.5
STATE_532,Tokai,532,JAP,35.32,137.81
VICTORY_POINTS_7087,Shizuoka,532,JAP,35.1,138.3
VICTORY_POINTS_10125,Nagoya,532,JAP,35.1,137.07
STATE_533,Tohoku,533,JAP,40.06,141.01
VICTORY_POINTS_1063,Akita,533,JAP,39.36,140.26
VICTORY_POINTS_6994,Aomori,533,JAP,40.73,140.92
VICTORY_POINTS_9807,Morioka,533,JAP,39.64,141.34
STATE_534,Hokuriku,534,JAP,37.17,138.54
VICTORY_POINTS_1117,Niigata,534,JAP,37.56,139.12
VICTORY_POINTS_10015,Nagano,534,JAP,36.08,137.9
VICTORY_POINTS_10128,Toyama,534,JAP,36.6,137.8
STATE_535,Koshinetsu,535,JAP,36.45,136.8
VICTORY_POINTS_10032,Kanazawa,535,JAP,36.51,136.83
STATE_536,Hokkaido,536,JAP,43.59,142.56
VICTORY_POINTS_10444,Sapporo,536,JAP,43.06,141.35
VICTORY_POINTS_12421,Asahigawa,536,JAP,43.85,142.64
STATE_537,South Sakhalin,537,SOV,47.99,142.7
VICTORY_POINTS_12446,Toyohara,537,SOV,47.14,142.62
STATE_538,Coquilhatville,538,COG,1.09,20.44
STATE_539,Gabon,539,GAB,-0.69,11.05
VICTORY_POINTS_5139,Libreville,539,GAB,-0.06,9.6
STATE_540,Luanda,540,ANG,-9.12,16.04
VICTORY_POINTS_8248,Luanda,540,ANG,-8.84,13.23
STATE_541,Khomas,541,NMB,-22.53,16.48
VICTORY_POINTS_4879,Windhoek,541,NMB,-22.75,16.33
STATE_542,Bechuanaland,542,BOT,-22.32,23.97
VICTORY_POINTS_8214,Gaborone,542,BOT,-24.35,24.49
STATE_543,Madagascar,543,MAD,-19.32,47.59
VICTORY_POINTS_5128,Antananarivo,543,MAD,-17.23,49.75
STATE_544,Lourenço Marques,544,MZB,-23.21,34.09
VICTORY_POINTS_8245,Lourenco Marques,544,MZB,-24.71,33.01
STATE_545,Rhodesia,545,ZIM,-18.8,29.81
VICTORY_POINTS_10929,Salisbury,545,ZIM,-17.83,31.05
STATE_546,Tanganyika,546,TZN,-6.02,35.1
VICTORY_POINTS_2196,Dar es Salaam,546,TZN,-6.79,39.21
STATE_547,Nairobi,547,KEN,1.51,37.09
VICTORY_POINTS_1939,Nairobi,547,KEN,-1.29,36.82
STATE_548,Uganda,548,UGA,1.55,31.65
VICTORY_POINTS_12989,Kampala,548,UGA,0.68,32.14
STATE_549,Kurdufan,549,SUD,12.82,29.04
STATE_550,Eritrea,550,ERI,15.67,38.57
VICTORY_POINTS_12723,Biscia,550,ERI,15.75,37.35
VICTORY_POINTS_12766,Massaua,550,ERI,15.18,39.72
VICTORY_POINTS_13250,Asmara,550,ERI,15.12,38.7
STATE_551,Khartoum,551,SUD,18.77,31.96
VICTORY_POINTS_12806,Khartoum,551,SUD,15.5,32.56
STATE_552,Western Desert,552,EGY,27.07,27.44
STATE_553,Lebanon,553,LEB,33.82,35.6
VICTORY_POINTS_792,Beirut,553,LEB,33.89,35.5
STATE_554,Damascus,554,SYR,33.3,36.61
VICTORY_POINTS_4111,Damascus,554,SYR,33.51,36.29
STATE_555,Kuril Islands,555,SOV,46.1,150.59
STATE_556,Bamako,556,MLI,11.73,-6.17
VICTORY_POINTS_4927,Bamako,556,MLI,12.58,-6.65
STATE_557,Mauritania,557,MRT,17.34,-14.72
VICTORY_POINTS_5034,Nouakchott,557,MRT,16.98,-16.47
STATE_558,Lagos,558,NGA,7.3,4.17
VICTORY_POINTS_2050,Lagos,558,NGA,6.52,3.38
STATE_559,Somaliland,559,SOM,5.61,47.54
VICTORY_POINTS_12991,Mogadiscio,559,SOM,3.17,46.54
STATE_560,Nikolayevsk,560,SOV,52.75,136.17
STATE_561,Amur,561,SOV,53.72,127.08
STATE_562,Okhotsk,562,SOV,58.61,138.68
STATE_563,Chita,563,SOV,52.23,116.5
VICTORY_POINTS_4705,Chita,563,SOV,51.45,112.22
STATE_564,Buryatia,564,SOV,52.95,108.6
VICTORY_POINTS_7835,Ulan Ude,564,SOV,52.28,108.8
VICTORY_POINTS_12644,Barguzin,564,SOV,53.05,110.46
STATE_565,Bodaybo,565,SOV,57.17,115.92
STATE_566,Irkutsk,566,SOV,53.8,104.99
VICTORY_POINTS_4797,Irkutsk,566,SOV,52.29,104.28
STATE_567,Bratsk,567,SOV,55.87,100.87
STATE_568,Krasnoyarsk,568,SOV,55.31,93.53
VICTORY_POINTS_4724,Krasnoyarsk,568,SOV,56.01,92.87
STATE_569,Khakassia,569,SOV,54.22,87.95
VICTORY_POINTS_7757,Kemerovo,569,SOV,55.2,85.35
VICTORY_POINTS_7822,Novokuznetsk,569,SOV,52.66,88.25
VICTORY_POINTS_10580,Abakan,569,SOV,54.26,89.84
STATE_570,Novosibirsk,570,SOV,55.15,79.83
VICTORY_POINTS_7274,Novosibirsk,570,SOV,55.03,82.92
STATE_571,Omsk,571,SOV,55.62,72.97
VICTORY_POINTS_10696,Omsk,571,SOV,54.99,73.37
STATE_572,Chelyabinsk,572,SOV,55.23,62.88
VICTORY_POINTS_9292,Chelyabinsk,572,SOV,54.76,61.49
STATE_573,Zlatoust,573,SOV,56.95,58.55
VICTORY_POINTS_10329,Zlatoust,573,SOV,55.04,59.22
STATE_574,Yakutsk,574,SOV,59.26,126.55
VICTORY_POINTS_10641,Yakutsk,574,SOV,62.03,129.73
STATE_575,Kirensk,575,SOV,60.05,110.15
STATE_576,Yeniseisk,576,SOV,60.36,93.88
VICTORY_POINTS_7805,Tura,576,SOV,61.27,98.85
STATE_577,Surgut,577,SOV,61.27,77.72
STATE_578,Tomsk,578,SOV,57.88,82.52
VICTORY_POINTS_7789,Tomsk,578,SOV,56.78,84.76
STATE_579,Salekhard,579,SOV,66.95,68.78
VICTORY_POINTS_1684,Salekhard,579,SOV,67.31,67.3
STATE_580,Tobolsk,580,SOV,62.15,66.09
VICTORY_POINTS_1659,Khanty-Mansysk,580,SOV,60.66,68.4
STATE_581,Northern Urals,581,SOV,64.74,59.95
STATE_582,Magnitogorsk,582,SOV,52.42,58.67
VICTORY_POINTS_4311,Beloretsk,582,SOV,53.27,58.03
VICTORY_POINTS_10256,Magnitogorsk,582,SOV,52.7,59.1
STATE_583,Kostanay,583,KAZ,51.4,63.56
VICTORY_POINTS_10312,Kostanay,583,KAZ,52.19,63.31
STATE_584,Ashkhabad,584,TMS,38.64,59.37
VICTORY_POINTS_12333,Ashkhabad,584,TMS,38.14,58.5
STATE_585,Navoi,585,UZB,42.03,64.39
VICTORY_POINTS_1554,Navoi,585,UZB,41.4,64.6
STATE_586,Alma-Ata,586,KAZ,43.5,74.98
VICTORY_POINTS_1591,Alma-Ata,586,KAZ,43.24,76.89
STATE_587,Ust Urt,587,KAZ,44.49,54.32
VICTORY_POINTS_1517,Mangystau,587,KAZ,43.09,52.89
STATE_588,Semipalatinsk,588,KAZ,49.22,81.01
VICTORY_POINTS_12594,Semipalatinsk,588,KAZ,50.47,80.95
STATE_589,Ayaguz,589,KAZ,46.38,78.15
VICTORY_POINTS_1668,Ayaguz,589,KAZ,47.77,79.18
STATE_590,Akmolinsk,590,KAZ,51.75,70.0
VICTORY_POINTS_4333,Akmolinsk,590,KAZ,49.65,72.75
STATE_591,Hainan,591,PRC,19.23,109.77
VICTORY_POINTS_994,Yaxian,591,PRC,18.62,109.31
VICTORY_POINTS_1070,Haikou,591,PRC,19.63,110.56
STATE_592,Guangzhou,592,PRC,22.49,112.17
VICTORY_POINTS_1047,Guangzhou,592,PRC,22.89,113.38
STATE_593,Guangdong,593,PRC,23.8,114.68
VICTORY_POINTS_7108,Bao'an,593,PRC,22.69,114.22
VICTORY_POINTS_9938,Shantou,593,PRC,23.51,116.63
VICTORY_POINTS_9970,Kukong,593,PRC,24.95,113.79
STATE_594,Nanning,594,PRC,23.39,108.1
VICTORY_POINTS_7137,Nanning,594,PRC,23.1,108.31
VICTORY_POINTS_10459,Bose,594,PRC,24.11,106.51
STATE_595,Fujian,595,PRC,25.82,118.08
VICTORY_POINTS_4196,Fuzhou,595,PRC,25.95,119.35
VICTORY_POINTS_7071,Xiamen,595,PRC,24.65,118.25
STATE_596,Zhejiang,596,PRC,29.05,120.18
VICTORY_POINTS_7191,Hangzhou,596,PRC,30.35,120.14
VICTORY_POINTS_9974,Ningbo,596,PRC,29.68,121.78
STATE_597,Shandong,597,PRC,36.69,120.11
VICTORY_POINTS_1104,Yantai,597,PRC,37.54,120.71
VICTORY_POINTS_4205,Weihaiwei,597,PRC,37.23,122.21
STATE_598,Jiangsu,598,PRC,33.49,118.93
VICTORY_POINTS_1029,Donghai,598,PRC,34.5,119.09
VICTORY_POINTS_4001,Yangzhou,598,PRC,32.36,119.61
VICTORY_POINTS_7025,Xuzhou,598,PRC,34.55,116.97
STATE_599,Guangxi,599,PRC,24.62,109.97
VICTORY_POINTS_1597,Liuzhou,599,PRC,23.93,109.59
VICTORY_POINTS_10404,Guilin,599,PRC,25.36,110.12
STATE_600,Jiangxi,600,PRC,27.31,115.76
VICTORY_POINTS_3992,Nanchang,600,PRC,28.34,116.19
VICTORY_POINTS_7199,Ganzhou,600,PRC,26.35,115.45
STATE_601,Xikang,601,PRC,30.5,95.89
VICTORY_POINTS_10856,Chamdo,601,PRC,31.84,98.03
STATE_602,Hunan,602,PRC,27.23,112.29
VICTORY_POINTS_7097,Changsha,602,PRC,28.34,113.09
VICTORY_POINTS_12350,Hengyang,602,PRC,26.51,113.05
STATE_603,Guizhou,603,PRC,26.44,107.08
VICTORY_POINTS_4504,Guiyang,603,PRC,26.36,105.32
STATE_604,Qinghai,604,PRC,34.67,94.12
VICTORY_POINTS_7940,Golmud,604,PRC,35.82,94.52
STATE_605,Sichuan,605,PRC,30.73,107.71
VICTORY_POINTS_11865,Wanxian,605,PRC,30.76,108.23
STATE_606,Anhui,606,PRC,31.74,116.74
VICTORY_POINTS_1083,Anqing,606,PRC,30.64,116.98
VICTORY_POINTS_7222,Hefei,606,PRC,31.78,117.52
STATE_607,Henan,607,PRC,33.78,113.76
VICTORY_POINTS_7656,Kaifeng,607,PRC,34.38,114.7
VICTORY_POINTS_9958,Zhengzhou,607,PRC,34.47,113.72
VICTORY_POINTS_11931,Luoyang,607,PRC,34.46,112.04
STATE_608,Beijing,608,PRC,39.28,116.48
VICTORY_POINTS_9843,Beijing,608,PRC,39.81,116.52
VICTORY_POINTS_10068,Tianjin,608,PRC,39.32,117.31
STATE_609,East Hebei,609,PRC,39.92,118.46
VICTORY_POINTS_1052,Tangshan,609,PRC,39.51,118.75
VICTORY_POINTS_11822,Tongzhou,609,PRC,40.13,117.25
STATE_610,Jehol,610,PRC,41.75,119.04
VICTORY_POINTS_934,Chaoyang,610,PRC,41.54,120.62
VICTORY_POINTS_11801,Jehol,610,PRC,41.29,117.88
STATE_611,South Chahar,611,PRC,41.71,115.15
VICTORY_POINTS_10397,Zhangbei,611,PRC,40.88,115.43
VICTORY_POINTS_11752,Zhangbei,611,PRC,42.49,114.48
STATE_612,Chahar,612,PRC,44.48,116.1
STATE_613,Shanghai,613,PRC,31.18,121.18
VICTORY_POINTS_7014,Shanghai,613,PRC,31.23,121.47
STATE_614,Hebei,614,PRC,37.73,115.33
VICTORY_POINTS_4190,Shimen,614,PRC,37.74,115.08
STATE_615,Shanxi,615,PRC,37.27,112.61
VICTORY_POINTS_1519,Taiyuan,615,PRC,36.81,112.59
STATE_616,Ningxia,616,PRC,38.46,105.21
VICTORY_POINTS_5031,Alxa Right Banner,616,PRC,39.29,102.58
VICTORY_POINTS_8127,Yinchuan,616,PRC,38.15,105.36
STATE_617,Urumqi,617,PRC,42.94,85.3
VICTORY_POINTS_4709,Urumqi,617,PRC,43.83,87.62
STATE_618,Dzungaria,618,PRC,46.36,87.52
STATE_619,Yarkand,619,PRC,39.56,77.07
VICTORY_POINTS_2015,Kashgar,619,PRC,38.97,76.86
STATE_620,Hubei,620,PRC,31.37,112.07
VICTORY_POINTS_1612,Yichang,620,PRC,30.51,112.17
VICTORY_POINTS_4130,Mienyang,620,PRC,29.83,112.93
STATE_621,Suiyuan,621,PRC,40.73,110.41
VICTORY_POINTS_7158,Ulanqab,621,PRC,40.23,113.53
VICTORY_POINTS_7631,Kweisui,621,PRC,39.76,111.7
STATE_622,Shaanxi,622,PRC,36.57,108.5
VICTORY_POINTS_12356,Wayaobu,622,PRC,36.49,109.32
STATE_623,Luzon,623,PHI,17.5,121.41
VICTORY_POINTS_12213,Aparri,623,PHI,18.34,121.31
STATE_624,Central islands,624,PHI,13.44,123.16
STATE_625,Samar,625,PHI,11.59,124.8
STATE_626,Palawan,626,PHI,9.78,118.41
STATE_627,Mindanao,627,PHI,6.79,125.02
VICTORY_POINTS_4241,Davao,627,PHI,6.94,125.12
STATE_628,Cebu,628,PHI,10.66,123.0
VICTORY_POINTS_12118,Cebu,628,PHI,10.81,123.79
STATE_629,Hawaii,629,USA,20.38,-156.62
VICTORY_POINTS_4180,Honolulu,629,USA,21.31,-157.86
VICTORY_POINTS_12021,Hilo,629,USA,19.06,-154.45
STATE_630,Johnston Atoll,630,USA,17.94,-173.09
STATE_631,Midway Island,631,USA,27.53,-181.14
VICTORY_POINTS_13052,Midway,631,USA,27.53,-181.14
STATE_632,Wake Island,632,USA,17.54,166.64
VICTORY_POINTS_13047,Wake,632,USA,17.54,166.64
STATE_633,Marshall Islands,633,MAR,2.25,167.56
VICTORY_POINTS_13041,Kwajalein,633,MAR,2.3,166.36
VICTORY_POINTS_13046,Eniwetok,633,MAR,6.62,162.24
STATE_634,Solomon Islands,634,SOL,-11.73,158.52
VICTORY_POINTS_1269,Guadalcanal,634,SOL,-12.25,158.17
STATE_635,New Caledonia,635,FRA,-27.02,165.29
VICTORY_POINTS_4268,Noumea,635,FRA,-28.2,166.09
STATE_636,Fiji,636,FIJ,-25.53,176.62
VICTORY_POINTS_4286,Suva,636,FIJ,-25.98,176.52
STATE_637,Kamchatka,637,SOV,55.62,159.82
STATE_638,Guam,638,USA,12.25,144.39
VICTORY_POINTS_12140,Hagatna,638,USA,12.25,144.39
STATE_639,Kiribati,639,KIR,-4.72,171.33
VICTORY_POINTS_13021,Tarawa,639,KIR,-3.4,170.62
STATE_640,Mandalay,640,BRM,21.63,96.35
VICTORY_POINTS_1492,Mandalay,640,BRM,21.88,96.33
STATE_641,Tahiti,641,FRA,-13.86,-154.97
VICTORY_POINTS_12148,Pape'ete,641,FRA,-13.94,-154.05
STATE_642,Phoenix Island,642,KIR,4.15,-177.16
STATE_643,Tuvalu,643,TUV,-14.66,175.88
STATE_644,Kolyma,644,SOV,68.95,148.08
VICTORY_POINTS_1819,Srednekolymsk,644,SOV,71.78,153.1
STATE_645,Iwo Jima,645,JAP,25.69,142.33
VICTORY_POINTS_13025,Iwo Jima,645,JAP,25.69,142.33
STATE_646,Saipan,646,USA,14.43,145.53
VICTORY_POINTS_3995,Saipan,646,USA,15.33,146.03
STATE_647,Palau,647,PAU,7.04,133.44
VICTORY_POINTS_4357,Ngerulmud,647,PAU,7.37,133.58
STATE_648,Marcus Island,648,JAP,24.98,154.47
STATE_649,Galapagos Islands,649,ECU,-2.19,-91.08
VICTORY_POINTS_5023,Puerto Ayora,649,ECU,-2.19,-91.08
STATE_650,Attu Island,650,USA,55.04,172.08
VICTORY_POINTS_13067,Attu,650,USA,55.04,172.08
STATE_651,Ufa,651,SOV,54.58,55.59
VICTORY_POINTS_1278,Ufa,651,SOV,54.52,56.26
VICTORY_POINTS_4354,Sterlitamak,651,SOV,52.83,55.21
STATE_652,Orenburg,652,SOV,52.01,53.63
STATE_653,Sverdlovsk,653,SOV,58.4,61.79
VICTORY_POINTS_1821,Sverdlovsk,653,SOV,56.84,60.6
STATE_654,Oyrot Region,654,SOV,50.61,87.47
VICTORY_POINTS_4800,Oyrot-Tura,654,SOV,51.84,87.27
STATE_655,North Sakhalin,655,SOV,51.32,142.77
STATE_656,Kuwait,656,KUW,29.57,47.3
VICTORY_POINTS_8085,Kuwait City,656,KUW,29.26,47.63
STATE_657,Birobidzhan,657,SOV,50.19,132.1
STATE_658,UAE,658,UAE,24.41,54.7
VICTORY_POINTS_7960,Abu Dhabi,658,UAE,24.55,55.36
STATE_659,Aden,659,YEM,16.42,50.05
STATE_660,Equatorial Africa,660,CAR,6.63,19.53
VICTORY_POINTS_12830,Bangui,660,CAR,5.66,17.41
STATE_661,Tripolitania,661,LBA,31.56,13.51
STATE_662,Sirte,662,LBA,29.89,18.68
STATE_663,Cyrenaica,663,LBA,31.47,22.1
STATE_664,Southern Slovakia,664,SLO,48.41,19.8
VICTORY_POINTS_6573,Kosice,664,SLO,48.74,21.2
STATE_665,Gabès,665,TUN,33.7,9.5
VICTORY_POINTS_7005,Gabès,665,TUN,33.97,9.92
VICTORY_POINTS_11935,Gafsa,665,TUN,34.79,8.87
STATE_666,Lappland,666,SWE,67.08,20.41
VICTORY_POINTS_3095,Kiruna,666,SWE,67.48,20.55
VICTORY_POINTS_9108,Luleå,666,SWE,65.49,21.52
VICTORY_POINTS_9147,Haparanda,666,SWE,66.06,23.42
VICTORY_POINTS_11155,Gällivare,666,SWE,66.92,20.65
STATE_667,Lesser Sunda Islands,667,INS,-9.33,117.0
VICTORY_POINTS_12234,Waingapu,667,INS,-10.31,118.99
VICTORY_POINTS_13387,Mataram,667,INS,-9.0,115.41
VICTORY_POINTS_13391,Bima,667,INS,-9.12,118.02
STATE_668,The Moluccas,668,INS,-0.79,127.15
STATE_669,West Papua,669,INS,-2.68,136.04
VICTORY_POINTS_4468,Sorong,669,INS,-1.11,131.23
VICTORY_POINTS_12371,Hollandia,669,INS,-2.95,140.34
STATE_670,Laos,670,LAO,19.12,103.72
VICTORY_POINTS_1464,Vientiane,670,LAO,18.39,102.76
VICTORY_POINTS_4613,Luang Prabang,670,LAO,20.44,102.52
STATE_671,Northern Vietnam,671,VIN,21.71,105.59
VICTORY_POINTS_4075,Hanoi,671,VIN,21.03,105.85
VICTORY_POINTS_4119,Haiphong,671,VIN,20.9,106.58
VICTORY_POINTS_9948,Lang Son,671,VIN,22.18,106.83
VICTORY_POINTS_12065,Cao Bang,671,VIN,22.72,106.32
VICTORY_POINTS_12319,Lào Cai,671,VIN,22.48,103.46
STATE_672,Sumatra,672,INS,-3.51,104.4
VICTORY_POINTS_4361,Tanjung Karang Teluk Betung,672,INS,-5.03,105.1
VICTORY_POINTS_10322,Palembang,672,INS,-3.02,104.55
VICTORY_POINTS_12268,Palembang,672,INS,-2.4,104.81
STATE_673,Sulawesi,673,INS,-4.01,119.86
VICTORY_POINTS_4564,Kendari,673,INS,-3.8,121.49
VICTORY_POINTS_10263,Makassar,673,INS,-5.38,118.87
STATE_674,Central Australia,674,AST,-23.75,133.78
VICTORY_POINTS_2223,Alice Springs,674,AST,-21.95,135.16
STATE_675,Al Hajara,675,IRQ,30.42,44.41
VICTORY_POINTS_12879,Samawah,675,IRQ,30.1,44.28
STATE_676,Mosul,676,IRQ,35.59,43.23
VICTORY_POINTS_3916,Erbil,676,IRQ,35.93,43.58
VICTORY_POINTS_6826,Sulaymaniyah,676,IRQ,35.46,45.03
VICTORY_POINTS_10106,Mosul,676,IRQ,36.1,42.66
STATE_677,Aleppo,677,SYR,35.46,36.85
VICTORY_POINTS_1056,Homs,677,SYR,34.83,36.91
VICTORY_POINTS_12473,Aleppo,677,SYR,36.28,36.9
STATE_678,Rub al Khali,678,SAU,22.31,51.65
STATE_679,Madinah,679,SAU,24.59,39.32
VICTORY_POINTS_12758,Medina,679,SAU,25.55,39.64
STATE_680,Deir-az-Zur,680,SYR,35.39,39.43
VICTORY_POINTS_1549,Qamishli,680,SYR,36.78,41.25
VICTORY_POINTS_3942,Deir az-Zur,680,SYR,35.56,38.79
VICTORY_POINTS_6883,Ayn al-Arab,680,SYR,36.52,38.46
STATE_681,Cape,681,SAF,-30.67,20.27
VICTORY_POINTS_12589,Cape Town,681,SAF,-33.92,18.42
STATE_682,Northern Ontario,682,CAN,48.35,-84.84
STATE_683,Nunavut,683,CAN,61.66,-98.83
STATE_684,Caroline Islands,684,FSM,5.85,147.96
VICTORY_POINTS_2489,Truk,684,FSM,6.3,152.35
VICTORY_POINTS_13028,Yap,684,FSM,8.82,137.67
STATE_685,Panamá Canal,685,PAN,8.83,-80.04
VICTORY_POINTS_7617,Colón,685,PAN,8.83,-80.04
STATE_686,Puerto Rico,686,USA,17.74,-65.63
VICTORY_POINTS_1440,San Juan,686,USA,17.89,-66.55
STATE_687,British Guyana,687,GYA,4.6,-59.33
VICTORY_POINTS_4982,Georgetown,687,GYA,5.08,-58.73
STATE_688,Chaco Boreal,688,PAR,-21.83,-60.22
VICTORY_POINTS_2195,Filadelfia,688,PAR,-22.76,-61.11
VICTORY_POINTS_5165,Mayor Pablo Lagerenza,688,PAR,-20.09,-59.74
STATE_689,Jamaica,689,JAM,18.26,-77.53
VICTORY_POINTS_12304,Kingston,689,JAM,18.05,-76.86
STATE_690,Northern Bahamas,690,BAH,25.23,-77.05
VICTORY_POINTS_10254,Nassau,690,BAH,24.55,-77.67
STATE_691,Trinidad,691,TRI,11.02,-60.93
VICTORY_POINTS_3284,Port of Spain,691,TRI,10.58,-61.27
STATE_692,Windward Islands,692,BAS,13.21,-60.88
VICTORY_POINTS_11350,Bridgetown,692,BAS,13.33,-59.5
STATE_693,Southern Bahamas,693,BAH,22.6,-74.46
STATE_694,French Caribbean,694,FRA,15.98,-62.0
VICTORY_POINTS_9377,Pointe-à-Pitre,694,FRA,15.94,-61.64
STATE_695,Curaçao,695,HOL,12.66,-69.52
VICTORY_POINTS_153,Willemstad,695,HOL,12.66,-69.52
STATE_696,Bermuda,696,ENG,32.0,-63.08
VICTORY_POINTS_13010,Hamilton,696,ENG,32.0,-63.08
STATE_697,Madeira,697,POR,32.1,-17.13
VICTORY_POINTS_3118,Funchal,697,POR,32.1,-17.13
STATE_698,Azores,698,POR,35.65,-26.82
VICTORY_POINTS_1751,Ponta Delgada,698,POR,35.65,-26.82
STATE_699,Rio de Oro,699,MOR,25.55,-12.38
VICTORY_POINTS_8038,Laayoune,699,MOR,26.83,-13.14
STATE_700,Sierra Leone,700,SIE,6.56,-12.4
VICTORY_POINTS_2038,Freetown,700,SIE,7.35,-12.72
STATE_701,Gambia,701,GAM,12.88,-16.39
VICTORY_POINTS_4989,Banjul,701,GAM,12.76,-17.12
STATE_702,Cape Verde,702,CAP,10.27,-24.8
STATE_703,Ascension,703,ENG,-11.83,-15.51
STATE_704,Saint Helena,704,ENG,-21.11,-5.97
STATE_705,Sao Tome,705,POR,0.17,6.21
STATE_706,Reunion,706,FRA,-20.17,55.25
STATE_707,Mauritius,707,MAU,-19.04,57.77
STATE_708,Comoro Islands,708,COM,-11.92,44.91
STATE_709,Seychelles,709,SEY,-4.41,56.14
STATE_710,Diego Garcia,710,ENG,-7.55,74.43
STATE_711,Christmas Island,711,AST,-11.21,104.72
STATE_712,Cocos Islands,712,AST,-15.51,94.67
STATE_713,Kerguelen,713,FRA,-39.49,73.53
STATE_714,Heilungkiang,714,PRC,48.29,126.21
STATE_715,Liaoning,715,PRC,44.36,121.88
STATE_716,Liaotung,716,PRC,41.0,123.26
VICTORY_POINTS_11771,Mukden,716,PRC,41.81,123.43
STATE_717,Sungkiang,717,PRC,45.24,130.79
VICTORY_POINTS_10463,Jiamusi,717,PRC,46.5,130.28
STATE_718,Stanleyville,718,COG,2.58,26.02
STATE_719,Natal,719,SAF,-30.66,29.25
VICTORY_POINTS_1468,Durban,719,SAF,-29.86,31.03
VICTORY_POINTS_4696,Port Elizabeth,719,SAF,-33.49,25.25
STATE_720,South Georgia,720,ENG,-50.36,-35.44
STATE_721,Portuguese Timor,721,TIM,-9.21,124.79
STATE_722,Petsamo,722,SOV,69.09,29.75
VICTORY_POINTS_9140,Petsamo,722,SOV,69.66,30.89
STATE_723,South Island,723,NZL,-43.97,170.78
VICTORY_POINTS_2197,Christchurch,723,NZL,-43.45,172.21
STATE_724,Northern Malay,724,SIA,8.04,99.63
VICTORY_POINTS_4371,Songkhla,724,SIA,7.49,99.87
VICTORY_POINTS_7236,Hat Yai,724,SIA,6.87,100.37
VICTORY_POINTS_12230,Phuket,724,SIA,8.58,98.28
STATE_725,Nauru,725,NAU,-3.79,164.99
VICTORY_POINTS_13038,Nauru,725,NAU,-3.79,164.99
STATE_726,Samoa,726,SAM,-5.36,-177.09
VICTORY_POINTS_7290,Apia,726,SAM,-5.56,-176.72
VICTORY_POINTS_13412,Safotulafai,726,SAM,-5.16,-177.47
STATE_727,Line Islands,727,KIR,7.17,-163.52
STATE_728,Guangzhouwan,728,PRC,21.29,110.55
STATE_729,Macau,729,PRC,22.22,113.39
VICTORY_POINTS_4189,Macau,729,PRC,22.22,113.39
STATE_730,St Pierre and Miquelon,730,FRA,49.27,-56.88
STATE_731,Central Macedonia,731,GRE,40.67,22.84
VICTORY_POINTS_11818,Thessaloniki,731,GRE,40.62,23.05
STATE_732,Kyrgyzstan,732,KYR,41.36,74.43
VICTORY_POINTS_12583,Frunze,732,KYR,42.72,74.14
STATE_733,Andaman,733,RAJ,10.59,92.8
STATE_734,Nendo,734,SOL,-15.23,164.87
STATE_735,Savoy,735,FRA,44.87,6.64
VICTORY_POINTS_778,Annecy,735,FRA,45.61,6.78
VICTORY_POINTS_9909,Nice,735,FRA,43.71,7.27
STATE_736,Litorale,736,SLV,46.03,13.88
STATE_737,Bismarck,737,PNG,-5.0,150.38
VICTORY_POINTS_7251,Rabaul,737,PNG,-4.83,151.58
STATE_738,Aru Islands,738,INS,-6.82,132.09
VICTORY_POINTS_4579,Dobo,738,INS,-6.05,133.67
STATE_739,Haida Gwaii,739,CAN,52.93,-132.64
STATE_740,Vancouver Island,740,CAN,49.45,-126.25
STATE_741,Cambodia,741,CAM,12.23,104.88
VICTORY_POINTS_4302,Siem Reap,741,CAM,13.37,104.04
VICTORY_POINTS_7376,Phnom Penh,741,CAM,11.33,104.53
VICTORY_POINTS_7432,Kompong Saom,741,CAM,10.69,103.83
STATE_742,Stalinabad,742,TAJ,38.57,70.07
VICTORY_POINTS_1384,Stalinabad,742,TAJ,38.38,68.76
STATE_743,Qingdao,743,PRC,36.19,120.3
VICTORY_POINTS_10000,Qingdao,743,PRC,36.19,120.3
STATE_744,Xian,744,PRC,33.23,108.38
VICTORY_POINTS_7418,Xi'an,744,PRC,32.24,108.97
STATE_745,Dalian,745,PRC,39.12,121.89
VICTORY_POINTS_1150,Dalian,745,PRC,38.92,121.62
STATE_746,Ordos,746,PRC,39.01,108.72
STATE_747,Dali,747,PRC,25.47,99.86
VICTORY_POINTS_7965,Dali,747,PRC,26.01,100.22
STATE_748,Zunyi,748,PRC,27.84,106.87
VICTORY_POINTS_1010,Zunyi,748,PRC,28.22,106.74
STATE_749,Huangshan,749,PRC,30.01,118.16
VICTORY_POINTS_12019,Huangshan,749,PRC,29.55,117.99
STATE_750,Changde,750,PRC,29.46,110.52
VICTORY_POINTS_7101,Changde,750,PRC,29.01,111.75
STATE_751,Liangshan,751,PRC,28.23,102.37
VICTORY_POINTS_7294,Liangshan,751,PRC,26.95,102.49
VICTORY_POINTS_10841,Ya'an,751,PRC,30.01,102.73
STATE_752,Ganzi,752,PRC,30.57,100.39
VICTORY_POINTS_4999,Kangding,752,PRC,29.35,101.71
VICTORY_POINTS_12724,Ba'an,752,PRC,29.64,99.67
STATE_753,Gannan,753,PRC,32.69,102.99
VICTORY_POINTS_2045,Tianshui,753,PRC,32.6,104.49
STATE_754,Golog,754,PRC,35.22,100.85
VICTORY_POINTS_11448,Labrang,754,PRC,34.13,101.79
VICTORY_POINTS_12732,Lanzhou,754,PRC,36.58,102.51
STATE_755,Haixi,755,PRC,37.32,96.83
VICTORY_POINTS_10750,Dulan,755,PRC,36.46,98.7
STATE_756,Jiuquan,756,PRC,39.96,97.03
VICTORY_POINTS_7971,Jiuquan,756,PRC,39.99,97.57
STATE_757,Shigatse,757,PRC,29.02,88.11
VICTORY_POINTS_5033,Lhasa,757,PRC,29.65,91.14
STATE_758,Ngari,758,PRC,32.57,81.95
STATE_759,Kunlun Shan,759,PRC,40.12,91.5
VICTORY_POINTS_2074,Ruoqiang,759,PRC,39.51,90.33
STATE_760,Dabancheng,760,PRC,43.2,93.4
STATE_761,Hulunbuir,761,PRC,49.61,120.33
STATE_762,Katowice,762,POL,50.58,18.92
VICTORY_POINTS_6464,Katowice,762,POL,50.36,18.84
STATE_763,Königsberg,763,SOV,54.82,21.39
VICTORY_POINTS_6332,Königsberg,763,SOV,54.71,20.51
STATE_764,West Banat,764,SER,45.47,20.61
VICTORY_POINTS_3614,Pancevo,764,SER,45.17,20.55
STATE_765,Qatar,765,QAT,25.54,51.09
VICTORY_POINTS_8051,Doha,765,QAT,25.54,51.09
STATE_766,Southern Bessarabia,766,UKR,45.81,29.42
VICTORY_POINTS_6727,Cetatea Albă,766,UKR,45.92,30.07
STATE_767,North Darfur,767,SUD,19.25,26.79
STATE_768,Rwanda,768,RWA,-1.91,29.74
VICTORY_POINTS_9962,Kigali,768,RWA,-1.84,30.16
STATE_769,Burundi,769,BRD,-3.26,29.63
VICTORY_POINTS_2220,Bujumbura,769,BRD,-2.86,29.5
STATE_770,Malawi,770,MLW,-12.69,34.39
VICTORY_POINTS_12986,Lilongwe,770,MLW,-13.21,33.78
STATE_771,Zambia,771,ZAM,-11.86,29.85
VICTORY_POINTS_5199,Lusaka,771,ZAM,-14.94,27.75
VICTORY_POINTS_5221,Chipata,771,ZAM,-12.94,32.16
STATE_772,Middle Congo,772,RCG,-1.47,14.27
VICTORY_POINTS_8193,Brazzaville,772,RCG,-3.43,14.45
STATE_773,Cameroon,773,CMR,5.67,11.96
VICTORY_POINTS_2080,Yaoundé,773,CMR,3.26,12.05
STATE_774,Chad,774,CHA,11.65,17.31
VICTORY_POINTS_2081,N'Djamena,774,CHA,12.19,15.32
STATE_775,B.E.T.,775,CHA,17.73,18.38
STATE_776,Benin,776,DAH,9.06,2.09
VICTORY_POINTS_10919,Porto Novo,776,DAH,7.19,1.94
STATE_777,Togo,777,TOG,8.11,1.0
VICTORY_POINTS_1951,Lome,777,TOG,6.59,1.26
STATE_778,Burkina Faso,778,VOL,11.8,-1.71
VICTORY_POINTS_10836,Ouagadougou,778,VOL,11.66,-1.16
STATE_779,Ivory Coast,779,IVO,6.14,-5.46
VICTORY_POINTS_10803,Abidjan,779,IVO,4.4,-4.1
STATE_780,Guinea,780,GNA,9.34,-11.69
VICTORY_POINTS_1909,Conakry,780,GNA,8.95,-13.11
STATE_781,Niger,781,NGR,13.27,2.27
VICTORY_POINTS_2056,Niamey,781,NGR,12.94,3.28
STATE_782,Tombouctou,782,MLI,19.45,-1.55
STATE_783,Sidi Ifni,783,MOR,29.15,-10.16
VICTORY_POINTS_12857,Sidi Ifni,783,MOR,29.15,-10.16
STATE_784,Wilno,784,LIT,54.65,25.4
VICTORY_POINTS_3320,Vilnius,784,LIT,54.48,25.29
STATE_785,Picardy,785,FRA,49.54,2.93
VICTORY_POINTS_11420,Amiens,785,FRA,49.81,2.05
STATE_786,Mauritanian Desert,786,MRT,20.57,-9.55
STATE_787,Northern Kashmir,787,PAK,35.16,75.06
VICTORY_POINTS_1910,Kotli,787,PAK,34.27,74.13
STATE_788,Salamanca,788,SPR,40.75,-5.89
VICTORY_POINTS_3874,Salamanca,788,SPR,41.06,-5.19
STATE_789,Córdoba,789,SPR,38.18,-3.88
VICTORY_POINTS_875,Córdoba,789,SPR,38.18,-4.65
STATE_790,Asturias,790,SPR,42.98,-5.08
VICTORY_POINTS_11707,Oviedo,790,SPR,43.11,-5.42
STATE_791,Valladolid,791,SPR,41.87,-4.13
VICTORY_POINTS_11825,Valladolid,791,SPR,41.72,-4.66
STATE_792,País Vasco,792,SPR,42.96,-2.44
VICTORY_POINTS_740,Bilbao,792,SPR,43.15,-2.71
STATE_793,Guadalajara,793,SPR,40.44,-2.19
VICTORY_POINTS_3945,Cuenca,793,SPR,40.32,-1.58
STATE_794,Eastern Aragón,794,SPR,41.43,0.01
VICTORY_POINTS_3954,Caspe,794,SPR,41.18,-0.1
STATE_795,Santarém,795,POR,38.82,-7.9
VICTORY_POINTS_924,Santarém,795,POR,39.15,-8.57
VICTORY_POINTS_9869,Évora,795,POR,38.41,-8.09
STATE_796,North Angola,796,ANG,-5.27,11.59
VICTORY_POINTS_2115,Namibe,796,ANG,-5.27,11.59
STATE_797,Istanbul,797,TUR,40.92,29.39
VICTORY_POINTS_9833,Istanbul,797,TUR,41.01,28.98
STATE_798,Amasya,798,TUR,39.41,34.66
VICTORY_POINTS_919,,798,TUR,39.64,35.7
VICTORY_POINTS_3862,Yozgat,798,TUR,39.54,34.09
STATE_799,Hatay,799,TUR,36.24,36.04
VICTORY_POINTS_12029,Antakya,799,TUR,36.24,36.04
STATE_800,Van,800,TUR,39.25,43.05
VICTORY_POINTS_6935,Van,800,TUR,38.73,43.68
VICTORY_POINTS_12376,Qerekose,800,TUR,39.87,43.34
STATE_801,Moesia,801,BUL,43.19,25.26
VICTORY_POINTS_3796,Pleven,801,BUL,43.41,24.6
VICTORY_POINTS_9612,Ruse,801,BUL,43.59,26.11
STATE_802,Kosovo,802,SER,42.72,20.96
VICTORY_POINTS_6940,Prishtina,802,SER,42.91,20.61
STATE_803,Southern Serbia,803,SER,42.74,22.25
VICTORY_POINTS_11857,Leskovac,803,SER,42.66,22.31
STATE_804,Herzegovina,804,BOS,43.47,18.0
VICTORY_POINTS_9894,Mostar,804,BOS,43.41,17.8
STATE_805,Northern Epirus,805,ALB,40.3,20.5
VICTORY_POINTS_914,Gjirokastër,805,ALB,39.99,20.18
STATE_806,Pyrénées-Atlantiques,806,FRA,43.38,-0.78
VICTORY_POINTS_9710,Bayonne,806,FRA,43.65,-0.85
STATE_807,Gdynia,807,POL,53.62,18.35
VICTORY_POINTS_279,Bydgoszcz,807,POL,53.28,17.76
VICTORY_POINTS_3295,Toruń,807,POL,53.37,18.8
VICTORY_POINTS_9263,Gdynia,807,POL,54.5,18.01
STATE_808,Rīga,808,LAT,56.92,24.85
VICTORY_POINTS_9340,Rīga,808,LAT,56.86,24.44
STATE_809,Zemgale,809,LAT,56.47,24.34
VICTORY_POINTS_3255,Jēkabpils,809,LAT,56.3,25.41
VICTORY_POINTS_6222,Jelgava,809,LAT,56.73,23.75
STATE_810,Latgale,810,LAT,56.41,27.01
VICTORY_POINTS_222,Rēzekne,810,LAT,56.63,27.51
VICTORY_POINTS_310,Daugavpils,810,LAT,55.97,26.62
STATE_811,Saaremaa,811,EST,58.59,22.54
VICTORY_POINTS_185,Kuressaare,811,EST,58.33,22.52
STATE_812,Harju,812,EST,59.28,24.82
VICTORY_POINTS_3152,Tallinn,812,EST,59.44,24.75
STATE_813,Virumaa,813,EST,58.93,26.8
VICTORY_POINTS_4640,Narva,813,EST,59.1,27.62
VICTORY_POINTS_11127,Rakvere,813,EST,59.34,26.27
STATE_814,Sūduva,814,LIT,54.59,23.42
VICTORY_POINTS_11312,Marijampolė,814,LIT,54.5,23.12
STATE_815,Aukštaitija,815,LIT,55.74,24.6
VICTORY_POINTS_6229,Panevėžys,815,LIT,55.59,23.41
STATE_816,West Virginia,816,USA,38.47,-80.59
VICTORY_POINTS_7588,Charleston,816,USA,37.98,-81.16
STATE_817,Gobi,817,MON,44.44,103.76
VICTORY_POINTS_12612,Sainshand,817,MON,44.68,110.58
STATE_818,Khovd,818,MON,48.13,92.85
VICTORY_POINTS_7843,Ulaangom,818,MON,49.28,91.2
STATE_819,Dornod,819,MON,47.56,113.86
VICTORY_POINTS_12557,Choibalsan,819,MON,47.51,115.68
STATE_820,Khövsgöl,820,MON,50.06,100.72
VICTORY_POINTS_1791,Darkhan,820,MON,51.04,101.53
VICTORY_POINTS_1834,Erdenet,820,MON,49.74,101.15
STATE_821,Chechnya-Ingushetia,821,SOV,42.92,45.95
VICTORY_POINTS_3672,Grozny,821,SOV,43.4,45.81
STATE_822,Chukotka,822,SOV,69.4,168.73
VICTORY_POINTS_13063,Anadyr,822,SOV,70.1,175.32
STATE_823,Karakalpakstan,823,UZB,43.28,59.23
VICTORY_POINTS_1614,Nukus,823,UZB,42.57,59.95
STATE_824,Yamalia,824,SOV,66.72,77.91
STATE_825,Nenets,825,SOV,68.29,53.79
VICTORY_POINTS_105,Naryan Mar,825,SOV,67.9,52.92
STATE_826,Abkhazia,826,GEO,42.98,41.38
VICTORY_POINTS_11617,Sukhumi,826,GEO,43.09,41.17
STATE_827,Kabardino-Balkaria,827,SOV,43.13,43.54
VICTORY_POINTS_11614,Nalchik,827,SOV,43.18,44.0
STATE_828,North Ossetia,828,SOV,43.15,44.71
VICTORY_POINTS_9628,Ordzhonikidze,828,SOV,43.19,44.75
STATE_829,Engels-Marxstadt,829,SOV,50.34,46.14
VICTORY_POINTS_9432,Marksshtadt,829,SOV,51.14,46.74
VICTORY_POINTS_11523,Engels,829,SOV,50.98,46.24
STATE_830,Bukhara,830,UZB,39.17,65.5
VICTORY_POINTS_1573,Bukhara,830,UZB,39.36,64.74
VICTORY_POINTS_10671,Samarkand,830,UZB,39.19,66.42
STATE_831,Khiva,831,UZB,42.37,58.81
VICTORY_POINTS_12465,Khiva,831,UZB,41.36,60.26
STATE_832,Tashauz,832,TMS,40.6,59.59
VICTORY_POINTS_1493,Tashauz,832,TMS,40.62,58.75
STATE_833,Mari El,833,SOV,56.75,47.98
VICTORY_POINTS_9402,Yoshkar-Ola,833,SOV,56.92,47.94
STATE_834,Balta-Tiraspol,834,UKR,47.91,29.98
VICTORY_POINTS_3757,Balta,834,UKR,47.91,29.98
STATE_835,Hararghe,835,ETH,8.15,43.53
VICTORY_POINTS_7980,Dire Dawa,835,ETH,10.45,41.82
VICTORY_POINTS_12812,Wal Wal,835,ETH,6.61,46.04
VICTORY_POINTS_13249,Harar,835,ETH,9.1,41.79
STATE_836,Bale,836,ETH,5.98,41.82
VICTORY_POINTS_10775,Gaba,836,ETH,6.46,40.35
STATE_837,Sidamo,837,ETH,5.13,38.83
VICTORY_POINTS_8019,Yabello,837,ETH,5.42,36.97
VICTORY_POINTS_13246,Irgalem,837,ETH,6.16,38.43
VICTORY_POINTS_13247,Moyale,837,ETH,4.34,38.95
STATE_838,Illubabor-Kaffa,838,ETH,7.46,35.46
VICTORY_POINTS_7912,Jiren,838,ETH,7.65,36.55
VICTORY_POINTS_13244,Gambella,838,ETH,8.08,34.37
STATE_839,Welega,839,ETH,9.64,35.66
VICTORY_POINTS_2009,Asosa,839,ETH,10.34,35.02
VICTORY_POINTS_13243,Saio,839,ETH,9.05,34.99
STATE_840,Gojjam,840,ETH,11.19,36.85
VICTORY_POINTS_13242,Debre Markos,840,ETH,10.89,37.7
STATE_841,Begemder,841,ETH,12.73,37.33
VICTORY_POINTS_1984,Gondar,841,ETH,13.67,37.49
STATE_842,Tigray,842,ETH,14.06,39.09
VICTORY_POINTS_2072,Macalle,842,ETH,13.49,39.58
VICTORY_POINTS_13237,Aksum,842,ETH,14.43,38.03
VICTORY_POINTS_13238,Adwa,842,ETH,14.26,39.67
STATE_843,Wello,843,ETH,11.89,39.39
VICTORY_POINTS_5097,Dessie,843,ETH,11.22,39.49
STATE_844,Jubaland,844,SOM,0.76,42.03
VICTORY_POINTS_12941,Kismaayo,844,SOM,-0.39,42.02
STATE_845,Jura Mountains,845,SWI,46.9,6.87
VICTORY_POINTS_6666,Genève,845,SWI,46.56,6.23
VICTORY_POINTS_9638,Basel,845,SWI,47.28,7.73
STATE_846,Ticino,846,SWI,46.35,8.74
VICTORY_POINTS_9600,Lugano,846,SWI,46.26,8.89
STATE_847,Western Swiss Alps,847,SWI,46.22,7.71
STATE_848,Vorarlberg,848,AUS,47.19,9.94
STATE_849,Puglia,849,ITA,41.01,16.68
VICTORY_POINTS_883,Foggia,849,ITA,41.36,15.74
VICTORY_POINTS_9784,Bari,849,ITA,40.98,16.78
VICTORY_POINTS_11837,Taranto,849,ITA,40.67,17.34
VICTORY_POINTS_11998,Brindisi,849,ITA,40.48,17.95
STATE_850,Trentino,850,ITA,46.1,10.95
VICTORY_POINTS_9598,Trento,850,ITA,45.98,11.14
STATE_851,Var,851,FRA,43.5,6.37
VICTORY_POINTS_911,Toulon,851,FRA,43.19,6.2
STATE_852,Istria,852,CRO,45.22,14.29
VICTORY_POINTS_11564,Rijeka,852,CRO,45.48,14.48
STATE_853,Ljubljana,853,SLV,45.91,14.88
VICTORY_POINTS_9627,Ljubljana,853,SLV,45.97,14.63
STATE_854,Jawf,854,SAU,30.02,40.01
STATE_855,Tabuk,855,SAU,27.29,37.35
STATE_856,Asir-Makkah,856,SAU,20.34,41.15
VICTORY_POINTS_5037,Mecca,856,SAU,21.39,39.86
VICTORY_POINTS_12883,Jeddah,856,SAU,21.18,38.96
STATE_857,Al-Qassim,857,SAU,27.35,43.6
STATE_858,Najiran,858,SAU,18.88,46.36
STATE_859,Dammam,859,SAU,27.03,48.4
VICTORY_POINTS_12702,Dammam,859,SAU,26.75,48.73
STATE_860,Cote-Nord,860,CAN,52.36,-65.08
STATE_861,Saguenay,861,CAN,53.49,-70.17
STATE_862,Ouest du Quebec,862,CAN,47.85,-76.59
STATE_863,Maurice,863,CAN,48.86,-72.07
STATE_864,Yukon Territory,864,CAN,61.67,-134.27
STATE_865,Northern Saskatchewan,865,CAN,56.81,-105.36
STATE_866,Districts of Ontario,866,CAN,53.1,-87.06
STATE_867,Northern Manitoba,867,CAN,55.2,-96.11
STATE_868,Isan,868,SIA,15.88,103.04
VICTORY_POINTS_10438,Nakhon Ratchasima,868,SIA,15.02,102.62
STATE_869,Lanna,869,SIA,18.82,99.27
VICTORY_POINTS_1488,Chiang Mai,869,SIA,18.68,98.5
STATE_870,North West Australia,870,AST,-17.98,124.63
STATE_871,South West Australia,871,AST,-31.43,122.57
STATE_872,North Queensland,872,AST,-16.28,141.98
STATE_873,South West Queensland,873,AST,-26.45,144.78
STATE_874,Magadan,874,SOV,61.81,154.5
VICTORY_POINTS_12683,Magadan,874,SOV,59.56,150.8
STATE_875,Chukchi Peninsula,875,SOV,64.01,-177.88
VICTORY_POINTS_13204,Lavrentiya,875,SOV,63.63,-177.4
STATE_876,Udachny,876,SOV,68.48,120.5
STATE_877,Verkhoyansk,877,SOV,67.4,132.31
VICTORY_POINTS_12549,Verkhoyansk,877,SOV,71.02,134.05
STATE_878,Khatangsky,878,SOV,67.78,105.87
STATE_879,Kargopol,879,SOV,61.81,37.81
VICTORY_POINTS_138,Kargopol,879,SOV,61.88,36.87
STATE_880,Kotlas,880,SOV,61.6,43.81
VICTORY_POINTS_11061,Kotlas,880,SOV,61.81,44.48
STATE_881,Karagandy,881,KAZ,47.26,69.38
STATE_882,Pavlodar,882,KAZ,51.94,75.64
VICTORY_POINTS_7708,Pavlodar,882,KAZ,51.76,77.79
STATE_883,Kassala,883,SUD,19.29,35.71
VICTORY_POINTS_12725,Port Sudan,883,SUD,20.56,36.05
STATE_884,Upper Nile,884,SUD,7.61,32.57
STATE_885,Bahr al Ghazal,885,SUD,6.73,28.57
STATE_886,Blue Nile,886,SUD,14.19,34.17
STATE_887,South Darfur,887,SUD,11.91,23.79
STATE_888,Lusambo,888,COG,-5.46,22.73
STATE_889,Elisabethville,889,COG,-9.37,25.78
STATE_890,Costermansville,890,COG,-2.03,28.09
STATE_891,Zambesi,891,ANG,-13.47,19.32
STATE_892,South West Angola,892,ANG,-14.51,13.71
VICTORY_POINTS_10966,Nova Lisboa,892,ANG,-12.46,15.13
STATE_893,Karas,893,NMB,-25.91,16.22
STATE_894,Kunene,894,NMB,-19.86,13.92
STATE_895,Otjozondjupa,895,NMB,-18.24,18.88
STATE_896,Manica e Sofala,896,MZB,-17.54,33.57
STATE_897,Zambezia-Moçambique,897,MZB,-14.24,38.25
STATE_898,Gao,898,MLI,15.73,-1.91
STATE_899,Kayes-Koulikoro,899,MLI,13.29,-9.12
STATE_900,Benue,900,NGA,6.58,8.38
STATE_901,Borno,901,NGA,10.7,11.46
STATE_902,Sokoto,902,NGA,10.4,7.1
STATE_903,Garissa,903,KEN,0.67,40.3
STATE_904,Nyanza-Rift Valley,904,KEN,0.87,35.16
STATE_905,Mombasa,905,KEN,-2.42,38.66
VICTORY_POINTS_5210,Mombasa,905,KEN,-3.28,39.49
STATE_906,Socotra,906,YEM,12.26,54.14
STATE_907,Cairo,907,EGY,29.42,30.67
VICTORY_POINTS_1068,Beni Suef,907,EGY,29.05,30.5
VICTORY_POINTS_3996,Giza,907,EGY,30.07,30.46
VICTORY_POINTS_7011,Cairo,907,EGY,30.04,31.24
STATE_908,Afar,908,ETH,12.26,41.21
VICTORY_POINTS_13240,Aussa,908,ETH,11.36,41.19
STATE_909,Schleswig,909,GER,54.46,9.39
VICTORY_POINTS_317,Flensburg,909,GER,54.53,9.77
STATE_910,Bornholm,910,DEN,55.03,15.07
STATE_911,Fyn,911,DEN,55.01,10.72
VICTORY_POINTS_3325,Odense,911,DEN,55.26,10.54
STATE_912,Sønderjylland,912,DEN,55.02,9.51
VICTORY_POINTS_13258,Sønderborg,912,DEN,54.83,9.97
STATE_913,Östergötland,913,SWE,58.01,15.61
VICTORY_POINTS_9393,Linköping,913,SWE,58.16,15.88
VICTORY_POINTS_11380,Norrköping,913,SWE,58.21,16.56
STATE_914,Jan Mayen,914,NOR,70.99,-10.65
STATE_915,Bohuslän,915,SWE,58.24,11.79
VICTORY_POINTS_6310,Uddevalla,915,SWE,57.91,11.99
STATE_916,Dalarna,916,SWE,61.2,14.13
VICTORY_POINTS_156,Falun,916,SWE,60.65,15.4
STATE_917,Jämtland,917,SWE,63.53,14.39
VICTORY_POINTS_11148,Östersund,917,SWE,64.2,15.86
STATE_918,Västerbotten,918,SWE,65.19,18.3
VICTORY_POINTS_109,Vilhelmina,918,SWE,65.18,18.4
VICTORY_POINTS_6132,Umeå,918,SWE,64.06,20.72
STATE_919,Värmland,919,SWE,59.67,13.18
VICTORY_POINTS_11114,Karlstad,919,SWE,59.62,13.35
STATE_920,Opplandene,920,NOR,61.39,10.85
VICTORY_POINTS_3136,Elverum,920,NOR,60.84,12.16
STATE_921,Telemark,921,NOR,59.74,9.11
VICTORY_POINTS_6151,Skien,921,NOR,59.01,9.38
STATE_922,Agder,922,NOR,58.64,8.05
VICTORY_POINTS_9296,Kristiansand,922,NOR,58.11,8.12
STATE_923,Helgeland,923,NOR,66.3,13.96
VICTORY_POINTS_3048,Mo i Rana,923,NOR,66.79,13.93
STATE_924,Troms,924,NOR,69.65,19.94
VICTORY_POINTS_11050,Tromsø,924,NOR,69.72,19.62
STATE_925,Finnmark,925,NOR,70.28,25.81
VICTORY_POINTS_9116,Kirkenes,925,NOR,69.73,29.59
STATE_926,Turku,926,FIN,61.06,22.47
VICTORY_POINTS_169,Rauma,926,FIN,61.16,21.87
VICTORY_POINTS_3083,Turku,926,FIN,60.47,22.31
VICTORY_POINTS_3117,Pori,926,FIN,61.7,21.98
STATE_927,Häme,927,FIN,61.35,24.45
VICTORY_POINTS_67,Lahti,927,FIN,61.01,25.61
VICTORY_POINTS_3137,Tampere,927,FIN,61.34,24.07
VICTORY_POINTS_9167,Hämeenlinna,927,FIN,61.06,24.74
STATE_928,Kymi,928,FIN,61.02,28.18
VICTORY_POINTS_3061,Kotka,928,FIN,60.65,27.34
VICTORY_POINTS_6082,Lappeenranta,928,FIN,60.92,28.44
VICTORY_POINTS_9183,Kouvola,928,FIN,60.96,26.95
STATE_929,Oulu,929,FIN,64.7,27.25
VICTORY_POINTS_158,Oulu,929,FIN,65.0,25.48
VICTORY_POINTS_3073,Suomussalmi,929,FIN,65.03,29.13
STATE_930,Mikkeli,930,FIN,61.63,27.33
VICTORY_POINTS_37,Savonlinna,930,FIN,61.8,28.69
VICTORY_POINTS_165,Mikkeli,930,FIN,61.42,27.32
STATE_931,Cumbria,931,ENG,54.7,-2.81
VICTORY_POINTS_11332,Cockermouth,931,ENG,54.71,-3.2
STATE_932,Isle of Man,932,ENG,54.23,-4.45
VICTORY_POINTS_3311,Douglas,932,ENG,54.23,-4.45
STATE_933,Shetland Islands,933,ENG,60.67,-1.09
STATE_934,Shkodër,934,ALB,42.01,20.01
VICTORY_POINTS_9780,Shkodër,934,ALB,41.89,19.74
STATE_935,Ceará,935,BRA,-3.79,-39.48
VICTORY_POINTS_5107,Fortaleza,935,BRA,-3.35,-38.92
STATE_936,Pernambuco,936,BRA,-8.06,-36.8
VICTORY_POINTS_5168,Recife,936,BRA,-8.05,-34.88
STATE_937,Piauí,937,BRA,-7.07,-43.57
VICTORY_POINTS_5153,Teresina,937,BRA,-6.0,-41.65
STATE_938,Pará,938,BRA,-3.6,-51.04
VICTORY_POINTS_12853,Belém,938,BRA,-1.86,-47.49
STATE_939,Amapá,939,BRA,0.43,-52.03
VICTORY_POINTS_4980,Macapá,939,BRA,-0.87,-52.31
STATE_940,Acre,940,BRA,-9.16,-71.45
VICTORY_POINTS_13278,Rio Branco,940,BRA,-10.13,-69.13
STATE_941,Tocantins,941,BRA,-11.38,-48.39
VICTORY_POINTS_5151,Palmas,941,BRA,-10.32,-47.54
STATE_942,Guaporé,942,BRA,-11.18,-63.03
VICTORY_POINTS_12939,Porto Velho,942,BRA,-10.99,-64.31
STATE_943,Espírito Santo,943,BRA,-19.8,-40.75
VICTORY_POINTS_10999,Serra,943,BRA,-19.98,-40.42
STATE_944,Paraná,944,BRA,-24.92,-51.33
VICTORY_POINTS_8181,Curitiba,944,BRA,-25.12,-49.43
STATE_945,Cerro Largo,945,URG,-33.38,-54.23
VICTORY_POINTS_1641,Melo,945,URG,-32.67,-53.6
VICTORY_POINTS_1654,Florida,945,URG,-33.68,-55.23
STATE_946,Paysandú,946,URG,-31.92,-56.4
VICTORY_POINTS_10502,Paysandú,946,URG,-32.85,-57.36
VICTORY_POINTS_12468,Salto,946,URG,-31.68,-57.06
STATE_947,Tacna-Moquegua,947,PRU,-17.27,-70.58
VICTORY_POINTS_13086,Tacna,947,PRU,-17.57,-70.17
STATE_948,Easter Island,948,CHL,-31.57,-90.99
VICTORY_POINTS_13294,Hanga Roa,948,CHL,-31.57,-90.99
STATE_949,Aysén,949,CHL,-44.12,-71.23
VICTORY_POINTS_2161,Coyhaique,949,CHL,-43.36,-70.56
STATE_950,Araucanía,950,CHL,-39.47,-71.53
VICTORY_POINTS_5121,Temuco,950,CHL,-37.86,-71.89
VICTORY_POINTS_5169,Puerto Montt,950,CHL,-40.0,-71.03
STATE_951,Arica y Tarapacá,951,CHL,-19.95,-69.32
VICTORY_POINTS_5131,Arica,951,CHL,-18.54,-69.52
VICTORY_POINTS_8217,Iquique,951,CHL,-20.68,-69.71
STATE_952,Atacama,952,CHL,-27.57,-70.23
VICTORY_POINTS_5228,Copiapó,952,CHL,-28.54,-71.04
STATE_953,Tierra del Fuego,953,ARG,-49.52,-66.25
VICTORY_POINTS_13300,Ushuaia,953,ARG,-49.74,-66.58
STATE_954,Santa Cruz,954,ARG,-45.23,-68.02
VICTORY_POINTS_5173,Rio Gallegos,954,ARG,-46.83,-68.05
VICTORY_POINTS_13305,Comodoro Rivadavia,954,ARG,-43.9,-66.95
STATE_955,Chubut,955,ARG,-42.19,-66.65
VICTORY_POINTS_8161,Esquel,955,ARG,-41.54,-69.29
VICTORY_POINTS_13307,Puerto Madryn,955,ARG,-41.48,-65.15
STATE_956,Santa Fe,956,ARG,-31.53,-61.84
VICTORY_POINTS_5163,Santa Fe de la Vera Cruz,956,ARG,-31.38,-61.43
VICTORY_POINTS_7500,Rosario,956,ARG,-32.74,-61.12
STATE_957,Formosa,957,ARG,-24.01,-61.48
VICTORY_POINTS_12922,Formosa,957,ARG,-25.29,-59.51
STATE_958,San Luis y La Pampa,958,ARG,-33.02,-65.79
VICTORY_POINTS_5219,Santa Rosa de Toay,958,ARG,-35.21,-66.05
VICTORY_POINTS_12942,Córdoba,958,ARG,-31.2,-64.56
STATE_959,Los Andes,959,ARG,-24.04,-65.72
VICTORY_POINTS_2224,San Salvador de Jujuy,959,ARG,-22.72,-65.83
VICTORY_POINTS_11001,Salta,959,ARG,-24.04,-66.11
STATE_960,San Juan y La Rioja,960,ARG,-28.41,-67.78
VICTORY_POINTS_2136,San Juan,960,ARG,-29.22,-67.64
VICTORY_POINTS_12978,La Rioja,960,ARG,-28.03,-66.23
STATE_961,Amazon,961,BRA,-1.94,-65.7
STATE_962,Amazon,962,BRA,-5.22,-61.87
STATE_963,Amazon,963,BRA,-8.28,-65.19
STATE_964,Amazon,964,BRA,-6.13,-69.06
STATE_965,Amazon,965,BRA,-9.04,-60.28
STATE_966,Amazon,966,BRA,-7.38,-55.26
STATE_967,Amazon,967,BRA,1.48,-63.67
STATE_968,Amazon,968,BRA,-0.99,-58.23
STATE_969,Rio Branco,969,BRA,3.02,-61.67
VICTORY_POINTS_5214,Boa Vista,969,BRA,3.13,-60.89
STATE_970,Debar,970,MAC,41.55,20.9
VICTORY_POINTS_833,Debar,970,MAC,41.54,20.77
VICTORY_POINTS_867,Tetovo,970,MAC,41.99,20.94
STATE_971,Northern Dobruja,971,ROM,44.62,28.57
VICTORY_POINTS_657,Constanta,971,ROM,43.96,28.25
STATE_972,South Sudetenland,972,CZE,48.99,14.81
VICTORY_POINTS_557,Znojmo,972,CZE,49.01,16.44
STATE_973,Bács-Kiskun,973,HUN,46.57,19.31
VICTORY_POINTS_6670,Baja,973,HUN,46.29,19.08
VICTORY_POINTS_6700,Szeged,973,HUN,46.58,19.73
STATE_974,South Transdanubia,974,HUN,46.41,18.05
VICTORY_POINTS_11610,Pecs,974,HUN,46.19,18.14
STATE_975,Burgenland,975,AUS,47.65,16.51
VICTORY_POINTS_3700,Eisenstadt,975,AUS,48.04,16.86
STATE_976,Steiermark-Kärnten,976,AUS,47.09,14.81
VICTORY_POINTS_3673,Klagenfurt,976,AUS,46.81,14.39
VICTORY_POINTS_9648,Graz,976,AUS,47.2,15.61
VICTORY_POINTS_11612,Villach,976,AUS,46.56,14.41
STATE_977,Antwerp,977,BEL,51.15,4.95
VICTORY_POINTS_6598,Antwerpen,977,BEL,51.19,4.38
VICTORY_POINTS_13068,Leuven,977,BEL,50.99,5.0
STATE_978,Baden,978,GER,48.32,8.33
VICTORY_POINTS_3530,Karlsruhe,978,GER,48.89,8.62
VICTORY_POINTS_6712,Freiburg,978,GER,48.21,7.9
VICTORY_POINTS_11640,Müllheim,978,GER,47.65,7.81
STATE_979,New Guinea,979,PNG,-5.06,144.98
VICTORY_POINTS_12154,Madang,979,PNG,-5.39,145.4
VICTORY_POINTS_12237,Lae,979,PNG,-6.52,146.56
VICTORY_POINTS_12240,Wewak,979,PNG,-3.62,143.43
STATE_980,Ardennes,980,BEL,50.21,5.58
VICTORY_POINTS_9418,Arlon,980,BEL,49.75,5.51
STATE_981,Barotseland,981,ZAM,-14.79,24.52
VICTORY_POINTS_697,Mongu,981,ZAM,-14.79,23.99
STATE_982,Singapore,982,RAJ,9.82,77.13
VICTORY_POINTS_1321,Thiruvananthapuram,982,RAJ,9.43,76.34
STATE_983,Kolhapur and Deccan,983,RAJ,16.16,75.08
VICTORY_POINTS_12295,Kolhapur,983,RAJ,17.02,74.86
STATE_984,Bastar,984,RAJ,19.84,81.29
STATE_985,Sikkim,985,RAJ,27.29,88.42
VICTORY_POINTS_4435,Gangtok,985,RAJ,27.29,88.42
STATE_986,East Punjab,986,RAJ,30.4,77.03
VICTORY_POINTS_2076,Dharamshala,986,RAJ,31.23,76.96
VICTORY_POINTS_10729,Amritsar,986,RAJ,29.97,76.22
STATE_987,Waziristan,987,PAK,31.29,70.47
STATE_988,North Baluchistan,988,PAK,29.6,65.62
VICTORY_POINTS_5105,Quetta,988,PAK,29.81,66.99
STATE_989,Bahawalpur,989,PAK,28.15,71.44
STATE_990,Manipur,990,RAJ,26.32,94.39
VICTORY_POINTS_1553,Imphal,990,RAJ,25.39,93.93
STATE_991,Gwalior,991,RAJ,25.41,78.06
STATE_992,Province of Aden,992,YEM,13.09,45.76
VICTORY_POINTS_5074,Aden,992,YEM,12.79,45.02
STATE_993,Kentung and Yawnghwe,993,BRM,21.21,99.51
VICTORY_POINTS_7909,Kyaingtong,993,BRM,21.47,100.15
STATE_994,Tenasserim,994,BRM,15.38,97.77
VICTORY_POINTS_1403,Moulmein,994,BRM,16.34,97.65
STATE_995,Pegu,995,BRM,18.15,95.86
VICTORY_POINTS_1330,Rangoon,995,BRM,16.87,96.2
VICTORY_POINTS_10344,Taungoo,995,BRM,18.94,95.48
STATE_996,Irrawaddy,996,BRM,16.86,95.03
VICTORY_POINTS_7254,Bassein,996,BRM,17.11,94.94
STATE_997,Arakan,997,BRM,19.96,93.81
VICTORY_POINTS_12090,Akyab,997,BRM,20.36,93.12
STATE_998,Sagaing,998,BRM,25.01,96.38
VICTORY_POINTS_4425,Myitkyina,998,BRM,25.04,97.59
STATE_999,Federated Shan,999,BRM,21.45,97.76
VICTORY_POINTS_4210,Pan Lon,999,BRM,23.14,98.93
VICTORY_POINTS_7603,Mong Pan,999,BRM,20.73,98.08
STATE_1000,East Azerbaijan,1000,PER,37.96,46.7
VICTORY_POINTS_1896,Tabriz,1000,PER,37.96,46.2
STATE_1001,Kurdistan,1001,PER,35.05,46.62
VICTORY_POINTS_4943,Sanandaj,1001,PER,35.83,46.28
VICTORY_POINTS_5098,Kermānshāhān,1001,PER,34.43,45.83
STATE_1002,Yazd,1002,PER,31.9,54.66
VICTORY_POINTS_8031,Yazd,1002,PER,31.29,54.0
STATE_1003,South Khorasan,1003,PER,32.51,58.8
VICTORY_POINTS_7990,Birjand,1003,PER,33.03,59.83
STATE_1004,North Khorasan,1004,PER,37.4,57.48
STATE_1005,Qataghan,1005,AFG,36.2,70.92
VICTORY_POINTS_10781,Baghlan,1005,AFG,35.61,69.66
STATE_1006,Khyber Pass,1006,AFG,33.04,69.59
VICTORY_POINTS_5082,Gardez,1006,AFG,32.47,69.13
VICTORY_POINTS_12831,Jalalabad,1006,AFG,33.61,70.04
STATE_1007,Maymanah,1007,AFG,35.73,65.62
VICTORY_POINTS_12248,Kunduz,1007,AFG,36.34,67.84
STATE_1008,Qandahar,1008,AFG,31.31,66.36
VICTORY_POINTS_5064,Kandahar,1008,AFG,31.63,66.28
STATE_1009,Farah,1009,AFG,31.45,62.8
VICTORY_POINTS_2017,Farah,1009,AFG,32.13,62.92
STATE_1010,Al Anbar,1010,IRQ,32.91,40.68
VICTORY_POINTS_12413,Rumadiyah,1010,IRQ,33.77,41.11
STATE_1011,Al Basrah,1011,IRQ,31.35,46.24
VICTORY_POINTS_2089,Basrah,1011,IRQ,30.42,47.11
VICTORY_POINTS_8001,Najaf,1011,IRQ,30.91,45.26
VICTORY_POINTS_12726,Nasiriyah,1011,IRQ,31.12,46.69
STATE_1012,Kalat,1012,PAK,27.7,66.69
VICTORY_POINTS_8098,Kalat,1012,PAK,28.61,66.77
STATE_1013,Musandam,1013,OMA,26.26,56.41
STATE_1014,Bahrain,1014,SAU,26.37,50.5
VICTORY_POINTS_13313,Manama,1014,SAU,26.37,50.5
STATE_1015,Oman,1015,OMA,21.51,56.48
VICTORY_POINTS_5049,Nizwa,1015,OMA,22.6,56.87
STATE_1016,Dhofar,1016,OMA,18.2,54.05
VICTORY_POINTS_2103,Salalah,1016,OMA,17.62,54.38
STATE_1017,Da Nang,1017,VIN,18.55,105.89
VICTORY_POINTS_4379,Hué,1017,VIN,16.4,107.35
STATE_1018,Minami Kyūshū,1018,JAP,31.71,130.96
VICTORY_POINTS_1020,Miyazaki,1018,JAP,31.87,131.34
VICTORY_POINTS_4102,Kagoshima,1018,JAP,31.51,130.43
STATE_1019,Minami Tohoku,1019,JAP,37.82,140.32
VICTORY_POINTS_4118,Fukushima,1019,JAP,37.18,140.59
VICTORY_POINTS_7169,Sendai,1019,JAP,38.41,140.89
STATE_1020,San'in,1020,JAP,35.02,132.98
VICTORY_POINTS_10055,Tottori,1020,JAP,35.29,134.25
STATE_1021,Singapore,1021,SIN,1.35,103.82
VICTORY_POINTS_12299,Singapore,1021,SIN,1.35,103.82
STATE_1022,Interior Borneo,1022,INS,0.19,113.09
STATE_1023,Brunei,1023,MAL,4.51,114.8
VICTORY_POINTS_7387,Brunei Town,1023,MAL,4.3,114.51
STATE_1024,Sabah,1024,MAL,5.21,116.89
VICTORY_POINTS_4282,Kudat,1024,MAL,6.62,116.79
VICTORY_POINTS_10199,Sandakan,1024,MAL,5.48,117.54
VICTORY_POINTS_10212,Jesselton,1024,MAL,5.83,116.21
VICTORY_POINTS_12228,Tawau,1024,MAL,4.22,117.58
STATE_1025,Zamboanga,1025,PHI,7.36,122.3
VICTORY_POINTS_1421,Zamboanga,1025,PHI,7.08,121.84
STATE_1026,Northern Mindanao,1026,PHI,8.13,124.8
VICTORY_POINTS_10243,Cagayan de Oro,1026,PHI,8.04,124.17
STATE_1027,Bataan,1027,PHI,15.84,120.47
VICTORY_POINTS_1415,Dagupan,1027,PHI,15.97,120.46
VICTORY_POINTS_7351,Bataan,1027,PHI,14.91,120.35
STATE_1028,Hamgyong,1028,NRK,40.69,128.01
VICTORY_POINTS_898,Chongjin,1028,NRK,42.08,129.5
VICTORY_POINTS_6928,Hamhung,1028,NRK,39.75,127.25
STATE_1029,Gangwon,1029,KOR,37.46,128.25
VICTORY_POINTS_1148,Chuncheon,1029,KOR,37.87,127.99
STATE_1030,Gyeongsang,1030,KOR,35.56,128.55
VICTORY_POINTS_4056,Busan,1030,KOR,35.49,129.2
VICTORY_POINTS_12089,Daegu,1030,KOR,36.08,128.62
STATE_1031,Chungcheong-Jeolla,1031,KOR,35.39,126.99
VICTORY_POINTS_4126,Jeonju,1031,KOR,35.41,127.01
VICTORY_POINTS_10110,Gwangju,1031,KOR,34.94,126.57
VICTORY_POINTS_10115,Cheongju,1031,KOR,36.41,127.89
VICTORY_POINTS_11977,Daejeon,1031,KOR,35.84,127.53
STATE_1032,Yan'an,1032,PRC,35.02,108.58
VICTORY_POINTS_8049,Yan'an,1032,PRC,35.44,108.85
STATE_1033,Nanlu,1033,PRC,21.79,109.51
VICTORY_POINTS_10004,Fangcheng,1033,PRC,21.93,108.18
STATE_1034,Suzhou,1034,PRC,31.74,120.3
VICTORY_POINTS_4091,Nantong,1034,PRC,32.3,120.93
VICTORY_POINTS_10076,Suzhou,1034,PRC,31.64,120.53
STATE_1035,Nanjing,1035,PRC,31.82,118.75
VICTORY_POINTS_11913,Nanjing,1035,PRC,31.79,119.04
STATE_1036,Wuhan,1036,PRC,30.21,114.25
VICTORY_POINTS_4619,Wuhan,1036,PRC,30.04,114.6
VICTORY_POINTS_12467,Hankow,1036,PRC,29.9,113.73
STATE_1037,Chongqing,1037,PRC,29.09,105.66
VICTORY_POINTS_6999,Chongqing,1037,PRC,29.38,106.08
VICTORY_POINTS_11972,Yibin,1037,PRC,28.21,105.22
STATE_1038,Jinan,1038,PRC,36.13,117.22
VICTORY_POINTS_1069,Jinan,1038,PRC,36.57,117.48
VICTORY_POINTS_4181,Linyi,1038,PRC,35.15,118.19
STATE_1039,Hebei-Chahar,1039,PRC,40.14,115.51
VICTORY_POINTS_6904,Kalgan,1039,PRC,40.32,115.87
STATE_1040,Alxa,1040,PRC,40.84,101.42
VICTORY_POINTS_4783,Ejin Banner,1040,PRC,41.4,101.15
STATE_1041,Chengdu,1041,PRC,30.6,104.5
VICTORY_POINTS_1367,Guanghan,1041,PRC,31.32,104.78
VICTORY_POINTS_4925,Chengdu,1041,PRC,30.55,104.33
STATE_1042,Khotan,1042,PRC,37.08,83.59
VICTORY_POINTS_1970,Yecheng,1042,PRC,36.93,77.22
VICTORY_POINTS_4973,Hotan,1042,PRC,36.43,81.79
STATE_1043,Pailingmiao,1043,PRC,41.72,111.92
VICTORY_POINTS_12331,Pailingmiao,1043,PRC,41.96,111.39
STATE_1044,Wuwei,1044,PRC,37.75,102.69
VICTORY_POINTS_5100,Wuwei,1044,PRC,38.59,100.7
STATE_1045,Guyuan,1045,PRC,36.19,106.13
VICTORY_POINTS_5025,Guyuan,1045,PRC,35.76,106.4
STATE_1046,Yulin,1046,PRC,37.38,110.26
VICTORY_POINTS_7314,Yulin,1046,PRC,37.2,109.65
STATE_1047,Bangka-Belitung,1047,INS,-2.22,106.7
VICTORY_POINTS_7384,Pangkalpinang,1047,INS,-1.63,105.91
STATE_1048,Padang,1048,INS,-0.23,100.22
VICTORY_POINTS_10382,Padang,1048,INS,-0.73,100.88
STATE_1049,Medan and Riouw,1049,INS,0.57,102.1
VICTORY_POINTS_4652,Medan,1049,INS,3.63,98.21
VICTORY_POINTS_12212,Jambi,1049,INS,-1.03,102.88
STATE_1050,Atjeh,1050,INS,4.06,96.8
VICTORY_POINTS_13398,Banda Aceh,1050,INS,5.3,95.62
STATE_1051,East Java,1051,INS,-7.93,110.72
VICTORY_POINTS_13403,Surabaya,1051,INS,-7.89,111.67
VICTORY_POINTS_13404,Purwokerto,1051,INS,-7.85,108.9
VICTORY_POINTS_13405,Semarang,1051,INS,-7.47,109.78
VICTORY_POINTS_13406,Yogyakarta,1051,INS,-8.21,109.46
VICTORY_POINTS_13407,Surakarta,1051,INS,-7.88,110.08
STATE_1052,Bali,1052,INS,-8.98,114.09
VICTORY_POINTS_13386,Denpasar,1052,INS,-9.18,114.21
STATE_1053,East Nusa Tenggara,1053,INS,-8.81,121.92
VICTORY_POINTS_4301,Ende,1053,INS,-9.2,120.39
STATE_1054,Dutch Timor,1054,INS,-10.26,123.37
VICTORY_POINTS_1355,Kupang,1054,INS,-10.74,122.68
STATE_1055,East Kalimantan,1055,INS,-0.45,115.71
VICTORY_POINTS_7415,Tarakan,1055,INS,3.34,116.55
VICTORY_POINTS_10325,Tanjung Selor,1055,INS,2.27,116.99
VICTORY_POINTS_12110,Banjarmasin,1055,INS,-2.7,114.12
VICTORY_POINTS_12225,Balikpapan,1055,INS,-1.29,115.74
STATE_1056,Manado,1056,INS,-0.35,121.32
VICTORY_POINTS_10153,Manado,1056,INS,1.23,124.39
VICTORY_POINTS_10169,Gorontalo,1056,INS,0.74,122.1
STATE_1057,Dutch Papua,1057,INS,-6.42,138.99
VICTORY_POINTS_10505,Merauke,1057,INS,-8.32,140.26
STATE_1058,Batavia,1058,INS,-6.67,106.52
VICTORY_POINTS_7381,Jakarta,1058,INS,-6.46,106.27
STATE_1059,Limbang,1059,MAL,4.13,115.01
VICTORY_POINTS_13378,Limbang,1059,MAL,4.48,114.83
STATE_1060,Johor,1060,MAL,2.0,103.33
VICTORY_POINTS_13376,Johor Bahru,1060,MAL,1.67,103.65
STATE_1061,Perlis-Kedah,1061,MAL,5.84,100.62
VICTORY_POINTS_1291,Alor Setar,1061,MAL,5.88,100.66
VICTORY_POINTS_12144,Kangar,1061,MAL,6.33,100.34
STATE_1062,Kelantan-Terengganu,1062,MAL,4.95,102.48
VICTORY_POINTS_7329,Kota Bharu,1062,MAL,5.71,102.09
VICTORY_POINTS_12199,Kuala Terengganu,1062,MAL,5.29,102.7
STATE_1063,Pahang,1063,MAL,3.38,102.85
VICTORY_POINTS_7399,Kuantan,1063,MAL,3.76,103.15
STATE_1064,Perak,1064,MAL,4.54,101.24
VICTORY_POINTS_1376,Ipoh,1064,MAL,4.04,101.1
STATE_1065,Penang,1065,MAL,5.25,100.46
VICTORY_POINTS_13408,Seberang Perai,1065,MAL,5.25,100.46
STATE_1066,Cochinchina,1066,VIN,10.27,105.95
VICTORY_POINTS_4401,Saigon,1066,VIN,10.82,106.63
STATE_1067,Battambang,1067,CAM,13.57,103.71
VICTORY_POINTS_4251,Battambang,1067,CAM,13.67,102.95
VICTORY_POINTS_10467,Angkor,1067,CAM,13.98,103.56
STATE_1068,Bassac,1068,LAO,15.09,106.41
VICTORY_POINTS_1563,Pakse,1068,LAO,15.02,106.26
VICTORY_POINTS_1592,Champasak,1068,LAO,14.47,105.54
STATE_1069,Lan Chang,1069,LAO,19.05,101.3
VICTORY_POINTS_10330,Xayabuli,1069,LAO,19.14,101.55
STATE_1070,Bougainville,1070,PNG,-7.41,154.47
VICTORY_POINTS_4226,Buin,1070,PNG,-8.32,155.14
VICTORY_POINTS_10234,Buka,1070,PNG,-6.31,153.79
STATE_1071,Vanuatu,1071,VAN,-22.51,167.0
VICTORY_POINTS_12120,Port Vila,1071,VAN,-21.42,166.88
STATE_1072,American Samoa,1072,USA,-6.11,-175.14
VICTORY_POINTS_13080,Pago Pago,1072,USA,-6.11,-175.14
STATE_1073,Interior Papua,1073,PNG,-6.33,143.7
STATE_1074,Gibson Desert,1074,AST,-24.86,123.87
STATE_1075,West Queensland,1075,AST,-25.17,140.33
STATE_1076,Bangkok State,1076,SIA,13.94,100.32
VICTORY_POINTS_7408,Bangkok,1076,SIA,13.76,100.5
STATE_1077,Central Siam,1077,SIA,16.23,100.26
VICTORY_POINTS_10221,Ayutthaya,1077,SIA,14.76,100.43
VICTORY_POINTS_10398,Petchabun,1077,SIA,16.73,100.65
STATE_1078,Eastern Siam,1078,SIA,13.3,101.5
VICTORY_POINTS_7225,Chon Buri,1078,SIA,13.46,101.08
VICTORY_POINTS_12224,Chachoengsao,1078,SIA,14.06,101.3
STATE_1079,Auckland,1079,NZL,-37.77,175.55
VICTORY_POINTS_4543,Auckland,1079,NZL,-36.85,174.76
VICTORY_POINTS_4718,Tauranga,1079,NZL,-38.43,176.03
VICTORY_POINTS_7887,Hamilton,1079,NZL,-38.02,175.18
STATE_1080,Marlborough,1080,NZL,-41.71,172.52
VICTORY_POINTS_12632,Nelson,1080,NZL,-41.18,173.08
STATE_1081,Otago,1081,NZL,-45.64,169.13
VICTORY_POINTS_2211,Dunedin,1081,NZL,-45.9,170.29
VICTORY_POINTS_8241,Invercargill,1081,NZL,-46.38,169.36
STATE_1082,Transnistria,1082,MOL,47.39,29.6
VICTORY_POINTS_741,Tiraspol,1082,MOL,46.8,30.07
STATE_1083,Turks and Caicos Islands,1083,ENG,21.18,-72.64
STATE_1084,Lesotho,1084,LES,-29.53,28.8
STATE_1085,Swaziland,1085,ESW,-26.42,32.21
STATE_1086,Aksai Chin,1086,PRC,35.46,79.24
STATE_1087,Ceuta,1087,SPR,35.75,-5.54
VICTORY_POINTS_9945,Ceuta,1087,SPR,35.75,-5.54
STATE_1088,Melilla,1088,SPR,35.17,-2.87
STATE_1089,Andorra,1089,AND,42.6,1.12
STATE_1090,Gurdaspur,1090,RAJ,30.92,75.4
STATE_1091,West Bank,1091,ISR,32.31,35.29
STATE_1092,Gaza,1092,ISR,31.44,34.56
STATE_1093,Nakhchivan,1093,AZR,39.5,45.23
STATE_1094,Halaib Triangle,1094,EGY,22.24,35.42
